id,parentId,name,size
ROOT,NULL,Root,
RE,ROOT,General > Revenue Expenditure,
CE,ROOT,General > Capital Expenditure,
XE,ROOT,Water > Revenue Expenditure,
ZE,ROOT,Water > Capital Expenditure,
FE,ROOT,Khas, Upanagare Vikas Nidhis,
RE11,RE,Main supervision, recovery etc.,
RE11A109K,RE11,Shivjayanti celebrations and lighting,170000
RE11H108,RE11,Electicity for import tax naka,2550000
RE11J,RE11,Maintaince for main building,
RE11J101A,RE11J,Electricity expenditure,11475000
RE11J101 C,RE11J,Power lift,2125000
RE11J106,RE11J,Power lift Generator Transformer UPS maintance,1700000
RE11J107,RE11J,Cc t.v and LED maintaince,850000
RE11J108,RE11J,Maintaince of lift AC generator water pump transformer of PMC in various building,340000
RE11J109,RE11J,Electricity maintaince of PMC main building,1700000
RE13#109,RE,Electrical expense electrical equipment,2295000
RE14,RE,Slum removal and rehabilitation department,
RE14A110,RE14,Electrical expenses for toilets,2975000
RE14E105,RE14,Installtion of new solar repair of solar & Miscellneous repairs wiring Fitting of tub & Fans,255000
RE14E107,RE14,Installation of new solar system on new hostel building,425000
RE17,RE,Health Department,
RE17F104,RE17,Electricity expenses,11475000
RE17F105,RE17,expenses for vidyut dahini & other expenses & repairs,7650000
RE17F108A,RE17,Free burning in electric crematorium,1700000
RE17F135,RE17,Lights & electrical instruments,11050000
RE17F142,RE17,Maintenance - water pump solar lift in Kamla Nehru & Naidu,850000
RE17F144,RE17,Escalator work in Dr. kotnis Hospital & other likelyworks,1700000
RE17F147F,RE17,Maintaince & repairs of lift in - Kamla Nehru Sonavne Rajiv Gandhi Naidu hospital,2125000
RE17F147G,RE17,Payment of liftman (conract basis)  - Kamla Nehru Sonavne Rajiv Gandhi Naidu hospital,4250000
RE17F147J,RE17,Maintaince & repairs cold storage instruments,850000
RE17F164,RE17,Lights & other electrical instruments maintaince & repairs,850000
RE19,RE,Road cleaning, waste Transport, sewage transport,
RE19A,RE19,Road cleaning,
RE19A119,RE19A,Maintenance repairs & Other works - Vermicompost, Biogas, & mechanical composting &  shreddar,51000000
RE19A133,RE19A,Tipping Fee for electricity generated through waste processing on B.O.T basis,38250000
RE19A122,RE19A,Electricity expenses for gas plant in various areas of city,935000
RE19A###E,RE19A,Essential works regarding Biogas, vermiculture,3825000
RE20,RE,RE > Roads,
RE20B104,RE20,Lighting - Aundh & yeravada central store & other kothi development,850000
RE20C,RE20,RE Electrical department,669821000
RE20C1,RE20C,RE Road development > Lighting on roads,437855000
RE20C101A,RE20C1,Permanent employee salary,45000000
RE20C102,RE20C1,Miscellaneous,595000
RE20C109,RE20C1,Purchase of sodium vapour lamps & other material,29750000
RE20C103,RE20C1,Electricity expenses of merged villages,344000000
RE20C105,RE20C1,Light expenses and electricity in kothi & expenses of loudspeakers for various functions,1700000
RE20C106,RE20C1,Electricity expenses on hot mix plant in yeravda,935000
RE20C107,RE20C1,Lighting system on shaniwarvada,1000000
RE20C108,RE20C1,Maintenance & repairs of various machinery lift A/C etc.,2550000
RE20C110,RE20C1,Temporary light system during Ganeshutsav on Shaniwarvada & city for programes,2125000
RE20C111,RE20C1,Maintenance of 3D theatre & fountain,1700000
RE20C112,RE20C1,Maintenance of lifts in various Buildings of PMC,8500000
RE20C#,RE20C,Road development > Lighting on roads (div. office),231966000
RE20C###A,RE20C#,Permanent employee salary,100000000
RE20C###C,RE20C#,Repairs & other essential work on street lights,27761000
RE20C###D,RE20C#,Miscellaneous repairs by workers,5355000
RE20D104,RE20,Maintenances Light bill reparing - Otta market insitu Dormitories Warje security for Hadapsar market under BSUP Project,4250000
RE21,RE,Mechanical,
RE21B104,RE21,Electricity & repairs for machinery,765000
RE21C107,RE21,Electricity expenses,1530000
RE22,RE,Buildings and Lands,
RE22A107A,RE22,Lighting in PMC Township & other Building of PMC,11050000
RE22A107C,RE22,House wiring in PMC Townships  & improvement in Lighting & Repairing of Pump,2125000
RE22A101,RE22,Works regarding connectivity of electricity in PMC Building,1700000
RE22B111,RE22,Electrical maintenance & repairs in P.D Hule market  Yeravada,1275000
RE24,RE,Fire brigade,
RE24A110,RE24,Electricity expense,1700000
RE24A111,RE24,Water pumps & other machinery (electricity),425000
RE26,RE,Parks, zoos, aquariums,
RE26A103,RE26,Electricity bills,9860000
RE26A107,RE26,Electricity Maintenance & repairs in corporation park,4250000
RE27,RE,Sports and Grounds,
RE27A106,RE27,Electricity bill,765000
RE27C102,RE27,Electrical expense,765000
RE28,RE,Cultural Centers,
RE28A103,RE28,Material & instuments for theatre ( Electrical),170000
RE28A107,RE28,Lighting,5950000
RE28A108,RE28,Air conditioning & plot Maintenance & operating,510000
RE28A110,RE28,Police licence Electrical checkup - Fees,4250
RE28A112,RE28,Transformer Maintenance & oil change,170000
RE28A114,RE28,Contract Light sound repair,595000
RE28B104,RE28,Theater instruments & material (Electrical),170000
RE28B106,RE28,Lighting (Electrical),5950000
RE28B107,RE28,Police Licence Electric check up fee,4250
RE28B108,RE28,Light sound operating,510000
RE28B110,RE28,Generator repairing & Diesel expense  (Electrical),170000
RE28B113,RE28,Air conditioning Plant operating & Maintenance (Electrical),510000
RE28B114,RE28,Transformer Maintenance & oil change (Electrical),170000
RE28C103,RE28,Instruments & material (Electrical),85000
RE28C106,RE28,Lighting (Electrical),5950000
RE28C107,RE28,Transformer & Maintenance,127500
RE28C108,RE28,Generator repair & Maintenance,170000
RE28C111,RE28,Air conditioning Plant operating & Maintenance,255000
RE28C112,RE28,Light sound repair and operating (electrical),255000
RE28D103,RE28,Theater instruments & material (Electrical),85000
RE28D106,RE28,Lighting,1190000
RE28D107,RE28,Transformer & Maintenance,63750
RE28D108,RE28,Generator repair & Maintenance,85000
RE28D111,RE28,Air conditioning plant Maintenance & operating,255000
RE28D112,RE28,Light sound repair & operating,127500
RE28E105,RE28,Lighting,425000
RE28E106,RE28,Transformer,127500
RE28E107,RE28,Generator repair & Maintenance,42500
RE28E109,RE28,A.C Plant Maintenance & operating,42500
RE28E110,RE28,Light sound repair & operating,85000
RE28F103,RE28,(Electricity) Lighting,850000
RE28F104,RE28,Transformer,85000
RE28F105,RE28,Generator repair & Maintenance,85000
RE28F106,RE28,AC plant maintenance & operating,340000
RE28F107,RE28,Light sound repair & operating,425000
RE28G106,RE28,Lighting,255000
RE28G107,RE28,Transformer & Maintenance,85000
RE28G108,RE28,Generator repairs & Maintenance,85000
RE28G110,RE28,A.C Plant Maintenance & operating,170000
RE28G111,RE28,Light sound repair & operating,255000
RE28H106,RE28,Lighting,425000
RE28H107,RE28,Transformer & Maintenance,85000
RE28H108,RE28,Generator repairs & Maintenance,85000
RE28H111,RE28,A.C Plant Maintenance & operating,170000
RE28H112,RE28,Light sound repair & operating,340000
RE28J106,RE28,Lighting,340000
RE28J107,RE28,Transformer & Maintenance,170000
RE28J108,RE28,Generator repairs & Maintenance,170000
RE28J110,RE28,A.C Plant Maintenance & operating,170000
RE28J111,RE28,Light sound repair & operating,595000
RE28K106,RE28,Lighting,255000
RE28K107,RE28,Transformer & Maintenance,42500
RE28K108,RE28,Generator repairs & Maintenance,170000
RE28K110,RE28,A.C Plant Maintenance & operating,170000
RE28K111,RE28,Light sound repair & operating,170000
RE28L106,RE28,Lighting,340000
RE28L107,RE28,Transformer & Maintenance,170000
RE28L108,RE28,Generator repairs & Maintenance,170000
RE28L110,RE28,A.C Plant Maintenance & operating,170000
RE28L111,RE28,Light sound repair & operating,170000
RE28M106,RE28,Lighting,340000
RE28M107,RE28,Transformer & Maintenance,170000
RE28M108,RE28,Generator repairs & Maintenance,170000
RE28M110,RE28,A.C Plant Maintenance & operating,170000
RE28M111,RE28,Light sound repair & operating,170000
RE29A104,RE,Lighting - M. Phule Mandai & others,2125000
SE14A104,RE,Tasalmat Duberji section > Press (Deputy commissioner  B.P) > Electricity charges  (V.A),430000
CE19A,CE,Road cleaning & solid waste department,
CE19A142,CE19A,Biogas project / mechanical composting method - 5 tan capacity project installation by decentralized method,52000000
CE19A144,CE19A,Biogas project for Ward 4 Sr No. 114 115,1600000
CE20,CE,CE > Roads,
CE20C,CE20,CE > Roads > Electrical department,968020000
CE20C108,CE20C,Lighting system in various areas & on newly roads sodium vapour lamps & other electrical work,16000000
CE20C352#,CE20C,Lighting arrangement in various areas of city,849700000
CE20C411,CE20C,Electrical works at Pune MNC cultural center,1280000
CE20C423,CE20C,Supply & installation of G.I.S system & material inverting system for city road lights,8000000
CE20C437,CE20C,Supply & install A / C system at MNC buildings,640000
CE20C472,CE20C,Repairs & other works at vaikunth Smashan bhumi ( generator installation & change of cables),1600000
CE20C482,CE20C,Supply Install & run water motor pup set for various buildings of Pune MNC,1280000
CE20C484,CE20C,Install lighting arrester system for various building in Pune MNC,1280000
CE20C510,CE20C,Supply emergency material according to demand & other electrical works in MNC main building,1920000
CE20C511,CE20C,Works regarding sound A / C in Dr. Babasaheb Ambedkar cultural center & Maulana Abul Kalam smarak,1600000
CE20C517,CE20C,Install solar system at various hospital in Pune MNC,1280000
CE20C518,CE20C,200 KV Transformer for HT consumer at Sanas sport ground,1280000
CE20C531,CE20C,Musical fountain & lesser show at katraj lake,4800000
CE20C532,CE20C,Lifts in various corporation Building,8000000
CE20C533,CE20C,GPS for street lights,50000000
CE20C534,CE20C,Vidyut dahini at Kharadi,10000000
CE20C535,CE20C,LED display on BOT for safety awareness,10000000
FE14C118,FE,Samaj Mandir in Nagar vasti & electricity bill for other properties,400000
FE17A245,FE,Provide 2 Battery / Solar Operator vechicals at Pr. No. 17A Kalyaninagar Galande Garden,1000000
RE20B120/A11,RE20,RE20B120/A11 Non plan work by Footpath road Department scheme,
RE20B120/A11-205,RE20B120/A11,Digging cable Reinstallment  & related work at executive Engin. road No. 3 Department Aundh Ghole Road Karve Road Varje zone office,4250000
RE20B120/A11-206,RE20B120/A11,Digging cable reinstallment  & related work at executive Engin. road No. 1 Department Yeravada Dhole Patil  Vadgaon Sheri Bhavaini peth zone office,4250000
RE20B120/A11-207,RE20B120/A11,Digging cable reinstallment  & related work at executive Engin. road No. 4 Department Sahakarnagar Dhankawadi Tilak Road Vishrambag vada zone office,4250000
RE20B120/A11-220,RE20B120/A11,Shifting of electric pole on D.P. Road,4250000
RE20B120/A11-221,RE20B120/A11,Digging cable reinstallment  & related work at executive Engin. road No. 2 Department Bibvewadi Hadapsar Kondhva - Vanavadi zone office,4250000
RE20B121A12-116,RE20B120/A11,To pay the water and electricity bills of the two storied parking at Mouledina Hall in front of Pune Station.,2125000
RE20B121A12-117,RE20B120/A11,Remove all electric pole creating hurdles in Pune city on a different Road & squares,4250000
CE20A883/S8,CE20,CE20A883/S8 Concretization of various lanes in city,
CE20A883/S8-1521,CE20A883/S8,Concretization & install under ground electric supply line at Pr. No. 53A Aanand nagar Santosh hall,1000000
CE20A883/S8-1522,CE20A883/S8,Concretization & install under ground electric supply line at Pr. No. 53A S. No. 28 Hissa No. 1 Hingane (K) saikiran hotel area,1500000
CE20A883/S8-1523,CE20A883/S8,Concretization & install under ground electric supply line at Pr. No. 53A Vitthalnagar Kadu Nivas to Vitthal Hights,1000000
CE20A883/S8-1524,CE20A883/S8,Concretization & install under ground electric supply line at Pr. No. 53A Hingane (K) area Amruta apprt. To Ashok park,1000000
CE20C352/B5,CE20C352#,CE20C352/B5 Light arrengment at different areas in city,34200000
CE20C352/B5-151,CE20C352/B5,Complete electricity related work in Someshwar Wadi Gram Uaydan,1600000
CE20C352/B5-152,CE20C352/B5,Develop  Light arrengment in Bibvewadi Main Road Mahesh Soc. square to Supper Indiranagar to V. I. T. Road,1600000
CE20C352/B5-153,CE20C352/B5,Light arrengment in different places of Dhattanagar Telko Soc. Ambegoan Road Anjalinagar Jain Temple area Santoshimata Temple area at Pr. No. 75,2000000
CE20C352/B5-154,CE20C352/B5,Light arrengment from Sainjivini Hospital to Kumar Pokaso road at Pr. No. 43,1200000
CE20C352/B5-155,CE20C352/B5,Light arrengment from Orchid Palace to Kadnagar at Pr. No. 45,1200000
CE20C352/B5-156,CE20C352/B5,Develop  Light arrengment from Yevalewadi to Khadi Mishan square main road and internal road,2000000
CE20C352/B5-157,CE20C352/B5,Install LED fitting in Bhavadan area at Pr. No. 29,2000000
CE20C352/B5-158,CE20C352/B5,Light arrengment from Bhide Bridge to Omkareshwar Ghat river side road Vishrambaug Wada.,2000000
CE20C352/B5-159,CE20C352/B5,Development in  Light arrengment from Parvatigaon to Chavan Nagar and Electric related work Sahkarnagar,2160000
CE20C352/B5-160,CE20C352/B5,Development in  Light arrengment from Vaikunth Smashan Bhoomi to Thosar Paga.,2000000
CE20C352/B5-161,CE20C352/B5,Remove old street light fitting and install new light fitting in Senapati Bapat Road Install light pole where ever required.,2000000
CE20C352/B5-162,CE20C352/B5,new  Light arrengment in Hadapsar Industrial area,2000000
CE20C352/B5-163,CE20C352/B5,new  Light arrengment from Kharadi Goan to Banagai Wasti,2800000
CE20C352/B5-164,CE20C352/B5,Light arrengment from Lohagoan Smashan Bhoomi to Dadaji Pakhad Datta Temple,2800000
CE20C352/B5-165,CE20C352/B5,Light arrengment on service road from Varaje Flyover to Hill View Soc at Pr. No. 30 A Varaje ( 3.5 Km),800000
CE20C352/B5-166,CE20C352/B5,Light arrengment on newly construct service road from Varaje Flyover to Karan Plaza at Pr. No. 30 A ( 3.5 Km),800000
CE20C352/B5-167,CE20C352/B5,Light arrengment on main Panand Road and sub road from Rajaram Bridge to Karvenagar square at Pr. No. 32 ( 2.5 Km),800000
CE20C352/B5-168,CE20C352/B5,Light arrengment from Shyamaprasad Mukherjee Garden to Navsahaydri Post Office to PD Road at Pr. No. 35 ( 2.5 Km),800000
CE20C352/B5-169,CE20C352/B5,Development in  Light arrengment from Ramvadi square to Golad Adlab square,1600000
CE20C352/B5-170,CE20C352/B5,advance  Light arrengment in Chatrapati Shivaji Maharaj Putala square at Pr. No. 33,1200000
CE20C352/B5-171,CE20C352/B5,Light arrengment in Swapnshil Society area at Pr. No. 35,840000
CE20C352/S3,CE20C352#,CE20C352/S3 Light arrengment at different areas in city,815500000
CE20C352/S3-1701,CE20C352/S3,Install LED lamp in different areas at Pr. No. 1 A,5000000
CE20C352/S3-1702,CE20C352/S3,underground cable in different areas at Pr. No. 1 A,5000000
CE20C352/S3-1703,CE20C352/S3,advance underground cable in different areas ( Dhanori Tingarenagar Lohgoan ) at Pr. No. 1 B,5000000
CE20C352/S3-1704,CE20C352/S3,Install LED fitting in different areas at Pr. No. 2 A,1500000
CE20C352/S3-1705,CE20C352/S3,Light arrengment in Chaudhari Wasti area Kharadi at Pr. No. 2 A,1500000
CE20C352/S3-1706,CE20C352/S3,Light arrengment in Kharadi area at Pr. No. 2 A,1500000
CE20C352/S3-1707,CE20C352/S3,Install LED fitting in different areas at Chandan Nagar Pr. No. 2 A,2000000
CE20C352/S3-1708,CE20C352/S3,Light arrengment in Satav Wadi area Kharadi at Pr. No. 2 A,1500000
CE20C352/S3-1709,CE20C352/S3,Light arrengment in Anusaya Park and beside area Kharadi at Pr. No. 2 A,2000000
CE20C352/S3-1710,CE20C352/S3,Light arrengment in Kharadi at Pr. No. 2 B,2000000
CE20C352/S3-1711,CE20C352/S3,Light arrengment in Parashar Nagar area Kharadi at Pr. No. 2 B,2000000
CE20C352/S3-1712,CE20C352/S3,Light arrengment in Pathare Wasti area at Pr. No. 2 B,1500000
CE20C352/S3-1713,CE20C352/S3,Light arrengment in Rajaram Patilnagar area Kharadi at Pr. No. 2 B,2000000
CE20C352/S3-1714,CE20C352/S3,Install LED fitting in Shriramnagar area Kharadi at Pr. No. 2 B,2000000
CE20C352/S3-1715,CE20C352/S3,Install LED from Rajivnagar to Vimannagar area Kharadi at Pr. No. 3 A,1000000
CE20C352/S3-1716,CE20C352/S3,Install LED in Sanjay Park Mhada Vasahat at Pr. No. 3 A,1000000
CE20C352/S3-1717,CE20C352/S3,Install LED in Sopannagar Somnathnagar Ganeshnagar and Dhanlaxmi area at Pr. No. 3 A,1000000
CE20C352/S3-1718,CE20C352/S3,Install LED in Sainagari Dattaprasad Bombay Sapers and Sagar Park at Pr. No. 3 A,1000000
CE20C352/S3-1719,CE20C352/S3,Underground electric wires at Pr. No. 3 A,1000000
CE20C352/S3-1720,CE20C352/S3,Underground electric wires in Sanjay Park Mhada Rajivnagar at Pr. No. 3 A,1000000
CE20C352/S3-1721,CE20C352/S3,Underground electric wires in Bombay Sapers Sopan Nagar Aganagar and Tulshi Nagar at Pr. No. 3 A,1000000
CE20C352/S3-1722,CE20C352/S3,Install LED light in different areas at Pr. No. 3 B,2500000
CE20C352/S3-1723,CE20C352/S3,Underground electric wires in different areas at Pr. No. 3 B,2500000
CE20C352/S3-1724,CE20C352/S3,Install highmast pole in different square at Pr. No. 3 B,1500000
CE20C352/S3-1725,CE20C352/S3,Electric related work from Mohanwadi to Pratiknagar square at Pr. No. 4 A,1500000
CE20C352/S3-1726,CE20C352/S3,Electric related work from Pratiknagar square to Shete Hospital area at Pr. No. 4 A,1500000
CE20C352/S3-1727,CE20C352/S3,Underground electric wires in different areas at Pr. No. 4 A,1500000
CE20C352/S3-1728,CE20C352/S3,Underground electric wires in different areas of Shete Hospital to Jadhavnagar at Pr. No. 4 A,1500000
CE20C352/S3-1729,CE20C352/S3,Install electric pole and LED fitting in different areas of Nagpur Chal at Pr. No. 4 B,2000000
CE20C352/S3-1730,CE20C352/S3,Install decorative LED fitting in Lunbini Garden at Pr. No. 4 B,2000000
CE20C352/S3-1731,CE20C352/S3,Electric related work from Mohanwadi to Pratiknagar square at Pr. No. 4 A,3000000
CE20C352/S3-1732,CE20C352/S3,Electric related work from Mohanwadi to Pratiknagar square at Pr. No. 4 A,3000000
CE20C352/S3-1733,CE20C352/S3,Install pole to   Light arrengment in different area at Pr. No. 5 B,2000000
CE20C352/S3-1734,CE20C352/S3,Light arrengment in mainroad of Chikhalwadi at Pr. No. 6 A,1500000
CE20C352/S3-1735,CE20C352/S3,Install 7 miter heights pole in different area at Pr. No. 6 A,1000000
CE20C352/S3-1736,CE20C352/S3,Underground electric wires in different area at Pr. No. 6 B,1500000
CE20C352/S3-1737,CE20C352/S3,Light arrengment in Sakalnagar area at Pr. No. 7 A,1000000
CE20C352/S3-1738,CE20C352/S3,Install LED fitting lamps in Ayardhaynagari Chavannagar at Pr. No. 7 A,1000000
CE20C352/S3-1739,CE20C352/S3,Light arrengment in Potkar lane Patil Padalwasti at Pr. No. 7 A,1000000
CE20C352/S3-1740,CE20C352/S3,Install LED fitting lamps in Abhiman Shree Socity at Pr. No. 7 A,2000000
CE20C352/S3-1741,CE20C352/S3,Light arrengment in Sidharth Nagar area at Pr. No. 7 A,1500000
CE20C352/S3-1742,CE20C352/S3,Light arrengment in Rajbuilding Road at Pr. No. 7 A,1500000
CE20C352/S3-1743,CE20C352/S3,Install highmast lamp in different area at Pr. No. 7 A,2000000
CE20C352/S3-1744,CE20C352/S3,Install light miter to every toilet in Indira Vasahat Kasturba Vasahat Patil Padal Chavan Wasti at Pr. No. 7 A,1000000
CE20C352/S3-1745,CE20C352/S3,electric related work in different areas at Pr. No. 7 A,2500000
CE20C352/S3-1746,CE20C352/S3,underground electric wires in Indira Vasahat area at Pr. No. 7 A,2000000
CE20C352/S3-1747,CE20C352/S3,underground electric wires in Kasturba Vasahat area at Pr. No. 7 A,2000000
CE20C352/S3-1748,CE20C352/S3,Install LED fitting to   Light arrengment in different areas at Pr. No. 7 A,2000000
CE20C352/S3-1749,CE20C352/S3,Light arrengment in Rajbuilding Road at Pr. No. 7 A,2000000
CE20C352/S3-1750,CE20C352/S3,Light arrengment from Rajiv Gandhi Bridge to Chatrapati square at Pr. No. 7 B,5000000
CE20C352/S3-1751,CE20C352/S3,Remove accidental pole and install new pole in Rajbuilding Road at Pr. No. 7 B,5000000
CE20C352/S3-1752,CE20C352/S3,underground H. T. Line in Giridarshan and Giriraj at Pr. No. 7 B,5000000
CE20C352/S3-1753,CE20C352/S3,Light arrengment in Brahman square at Pr. No. 7 B,3000000
CE20C352/S3-1754,CE20C352/S3,Install highmast pole infront of Someshwar Wadi Temple at Pr. No. 8 A,1000000
CE20C352/S3-1755,CE20C352/S3,advance  Light arrengment in Someshwar Wadi Lamantanda Nihman Mala at Pr. No. 8 A,3000000
CE20C352/S3-1756,CE20C352/S3,Install electric pole and LED fitting in Sutarwadi Panchvati area at Pr. No. 10 A,5000000
CE20C352/S3-1757,CE20C352/S3,electric related work in Sr. No. 116 to 118 at Pr. No. 10 B,2000000
CE20C352/S3-1758,CE20C352/S3,advance  Light arrengment in Sr. No. 113 Garden at Pr. No. 10 B,2000000
CE20C352/S3-1759,CE20C352/S3,underground electric wires in different areas at Pr. No. 11 A,3000000
CE20C352/S3-1760,CE20C352/S3,Light arrengment in different area at Pr. No. 11 A,3000000
CE20C352/S3-1761,CE20C352/S3,over head wiring underground from Arun Kadam square to Kusalkar Putala square at Pr. No. 11 B,1000000
CE20C352/S3-1762,CE20C352/S3,Light arrengment in different area at Pr. No. 12 A,2500000
CE20C352/S3-1763,CE20C352/S3,underground electric wires in different areas at Pr. No. 12 A,2500000
CE20C352/S3-1764,CE20C352/S3,Light arrengment in different area at Pr. No. 12 B,800000
CE20C352/S3-1765,CE20C352/S3,Remove old and install new electric light pole at Pr. No. 12 B,500000
CE20C352/S3-1766,CE20C352/S3,electric work of Public toiletsin Pr. No. 12 B,500000
CE20C352/S3-1767,CE20C352/S3,underground electric cable in different areas at Pr. No. 12 B,1200000
CE20C352/S3-1768,CE20C352/S3,new  Light arrengment in Ghokhle Cross Road at Pr. No. 12 B,1000000
CE20C352/S3-1769,CE20C352/S3,Install decorative pole in different areas at Pr. No. 12 B,1200000
CE20C352/S3-1770,CE20C352/S3,Light arrengment in Pr. No. 13 B,2500000
CE20C352/S3-1771,CE20C352/S3,Install LED fitting in Pr. No. 13 B,1500000
CE20C352/S3-1772,CE20C352/S3,Remove old lights and install new LED fitting on electric pole at Jayjavan Nagar Pr. No. 14 A,1000000
CE20C352/S3-1773,CE20C352/S3,Remove old lights and install new LED fitting on electric pole at Laxmi Nagar Pr. No. 14 A,1000000
CE20C352/S3-1774,CE20C352/S3,Remove old lights and install new LED fitting on electric pole at Mather Teresa Nagar Selar Chal and Sidharth Nagar Pr. No. 14 A,1000000
CE20C352/S3-1775,CE20C352/S3,Install 10 ft electric pole in different areas at Pr. No. 14 A,1000000
CE20C352/S3-1776,CE20C352/S3,Install 10 ft pole in different areas at Pr. No. 14 A,1000000
CE20C352/S3-1777,CE20C352/S3,Install decorative Tropal Lap in different areas at Pr. No. 14 A,1000000
CE20C352/S3-1778,CE20C352/S3,Remove DP and install hanging in different area and Electric cable related work in Pr. No. 14 A,1000000
CE20C352/S3-1779,CE20C352/S3,Install highmast pole as pre requirment in different areas at Pr. No. 14 A,1000000
CE20C352/S3-1780,CE20C352/S3,underground dangars cable in different areas at Pr. No. 15 A,1000000
CE20C352/S3-1781,CE20C352/S3,Remove street light pole servise wire and  underground cable in Pr. No. 15 A,1000000
CE20C352/S3-1782,CE20C352/S3,underground cable in different areas at Pr. No. 15 B,1000000
CE20C352/S3-1783,CE20C352/S3,Light arrengment in different areas at Pr. No. 15 B,1000000
CE20C352/S3-1784,CE20C352/S3,electric related work in different areas at Pr. No. 15 B,1000000
CE20C352/S3-1785,CE20C352/S3,Install LED fitting in different areas at Pr. No. 15 B,1000000
CE20C352/S3-1786,CE20C352/S3,Remove 22 kv cable on slum and  underground at Pr. No. 16 A,2500000
CE20C352/S3-1787,CE20C352/S3,Light arrengment in different areas at Pr. No. 16 B,2500000
CE20C352/S3-1788,CE20C352/S3,underground electric related work in different areas at Pr. No. 17 B,2500000
CE20C352/S3-1789,CE20C352/S3,Install white blue fitting and small height 50 pole 7 mitar 20 pole at Pr. No. 17 B,2500000
CE20C352/S3-1790,CE20C352/S3,underground electric cable in different areas at Pr. No. 18 A,3000000
CE20C352/S3-1791,CE20C352/S3,Install LED lights in different areas at Pr. No. 18 A,2000000
CE20C352/S3-1792,CE20C352/S3,Install LED lights in Greval Socity and Sanjay Gandhi Socity at Pr. No. 18 A,2000000
CE20C352/S3-1793,CE20C352/S3,Install LED lights in Digambhar Nagar and Namdev Nagar at Pr. No. 18 A,1500000
CE20C352/S3-1794,CE20C352/S3,Install LED lights in Greval Socity and Sanjay Gandhi Socity at Pr. No. 18 A,1500000
CE20C352/S3-1795,CE20C352/S3,Install LED lights in Nivrtinagar and Premnagar at Pr. No. 18 A,1500000
CE20C352/S3-1796,CE20C352/S3,Install LED lights in Mahavir Nagar and Sr. No. 3 at Pr. No. 18 A,1500000
CE20C352/S3-1797,CE20C352/S3,Install LED lights in Ramwadi Kapilanagar and Vrundavan Nagar at Pr. No. 18 A,1500000
CE20C352/S3-1798,CE20C352/S3,Install electric pole in different areas at Pr. No. 18 A,2000000
CE20C352/S3-1799,CE20C352/S3,Install LED lights in main road at Pr. No. 18 B,1000000
CE20C352/S3-1800,CE20C352/S3,Install LED lights and tripal lamp in main road at Pr. No. 18 B,1000000
CE20C352/S3-1801,CE20C352/S3,Install LED lights in different areas at Pr. No. 18 B,1000000
CE20C352/S3-1802,CE20C352/S3,Install LED lights in Somnathnagar Ganeshnagar Jaygas Socity Sainik wadi and area at Pr. No. 18 B,1000000
CE20C352/S3-1803,CE20C352/S3,Install LED lights in Shree Ganesh Socity Ninad Socity Mozeswadi Kapilnagar Karan Dhronda and area at Pr. No. 18 B,1000000
CE20C352/S3-1804,CE20C352/S3,Install LED lights in Sanjay Gandhi Socity Vithal Nagar Mahavirnagar Digambhar Nagar and area at Pr. No. 18 B,1000000
CE20C352/S3-1805,CE20C352/S3,over head wiring underground in Vadgoan Sheri area at Pr. No. 19 A,1000000
CE20C352/S3-1806,CE20C352/S3,electric related work in Vadgoan Sheri area at Pr. No. 19 A,2000000
CE20C352/S3-1807,CE20C352/S3,Install LED fitting in Galandenagar Malwadi Marutinagar and Vadheshwar Nagar area,2000000
CE20C352/S3-1808,CE20C352/S3,Light arrengment in Pr. No. 1 B area,2000000
CE20C352/S3-1809,CE20C352/S3,Install LED fitting in Bidikamgar Vasahat and Borate Wasti area at Pr. No. 19 B,2000000
CE20C352/S3-1810,CE20C352/S3,Install LED fitting in Borate Wasti Sukre Wasti Ganapti H. Socity and Sambhajinagar area at Pr. No. 19 B,2000000
CE20C352/S3-1811,CE20C352/S3,Install optonal pole in Magarpatta Divider at Pr. No. 20 A,1000000
CE20C352/S3-1812,CE20C352/S3,Install optonal pole in Kumar Paradise Road at Pr. No. 20 A,2000000
CE20C352/S3-1813,CE20C352/S3,Light arrengment in Sindewasti at Pr. No. 20 A,1000000
CE20C352/S3-1814,CE20C352/S3,Install underground cable in Laxminagar at Pr. No. 20 A,1000000
CE20C352/S3-1815,CE20C352/S3,Install highmast in Mundhwa Vegetable Market Ragashrii Shahu Maharaj school Dhaykar Wasti and Kirtnbaug at Pr. No. 20 A,1500000
CE20C352/S3-1816,CE20C352/S3,Install blinkar depand on Saur Urja in different area at Pr. No. 20 A,2000000
CE20C352/S3-1817,CE20C352/S3,Install CCTV in different public area in Mundhwa at Pr. No. 20 A,3000000
CE20C352/S3-1818,CE20C352/S3,Install underground cable in Wadekar Ali Mundhwa at Pr. No. 20 B,1000000
CE20C352/S3-1819,CE20C352/S3,Install streetlight in Gaikwad Ali Mundhwa at Pr. No. 20 B,1000000
CE20C352/S3-1820,CE20C352/S3,Install underground cable in Gaikwad Ali Mundhwa at Pr. No. 20 B,1000000
CE20C352/S3-1821,CE20C352/S3,Install streetlight in Ananad Nivas Mundhwa at Pr. No. 20 B,1000000
CE20C352/S3-1822,CE20C352/S3,Install streetlight in Azad Ali and Datta square Mundhwa at Pr. No. 20 B,1000000
CE20C352/S3-1823,CE20C352/S3,Install underground cable in Azad Ali and Datta square Mundhwa at Pr. No. 20 B,1000000
CE20C352/S3-1824,CE20C352/S3,Install streetlight in Sarvoday Colony Mundhwa at Pr. No. 20 B,1000000
CE20C352/S3-1825,CE20C352/S3,Install underground cable in Sarvoday Colony Mundhwa at Pr. No. 20 B,1000000
CE20C352/S3-1826,CE20C352/S3,Install streetlight in Kirtanebaug Mundhwa at Pr. No. 20 B,1000000
CE20C352/S3-1827,CE20C352/S3,Install underground cable in Kirtanebaug Mundhwa at Pr. No. 20 B,1000000
CE20C352/S3-1828,CE20C352/S3,Install streetlight in Hadapsar Railway Station Mundhwa at Pr. No. 20 B,1000000
CE20C352/S3-1829,CE20C352/S3,Install underground cable in Hadapsar Railway Station Mundhwa at Pr. No. 20 B,1000000
CE20C352/S3-1830,CE20C352/S3,Install underground cable in Shahunagar Mundhwa at Pr. No. 20 B,1000000
CE20C352/S3-1831,CE20C352/S3,Install streetlights in Pinglewasti Mundhwa at Pr. No. 20 B,1000000
CE20C352/S3-1832,CE20C352/S3,Install underground cable in Pinglewasti Mundhwa at Pr. No. 20 B,1000000
CE20C352/S3-1833,CE20C352/S3,Install streetlights in Vadban and areas at Pr. No. 20 B,1000000
CE20C352/S3-1834,CE20C352/S3,Install underground cable in Vadban areas at Pr. No. 20 B,1000000
CE20C352/S3-1835,CE20C352/S3,Install electric pole in Sr. No. 54 and 55 Mundhwa at Pr. No. 20 B,1000000
CE20C352/S3-1836,CE20C352/S3,Install highmast lights in Sandbhor Wasti at Pr. No. 20 B,1000000
CE20C352/S3-1837,CE20C352/S3,Light arrengment in different areas at Sr. No. 296 Laxminagar Pr. No. 20 B,1000000
CE20C352/S3-1838,CE20C352/S3,Install highmast lights near Ganesh Temple  Swami Vivekanand Nagar at Pr. No. 20 B,500000
CE20C352/S3-1839,CE20C352/S3,Light arrengment in Shantinagar at Pr. No. 20 B,1000000
CE20C352/S3-1840,CE20C352/S3,Light arrengment in Lohiyanagar slum ( Magarpatta Corner) at Pr. No. 20 B,1000000
CE20C352/S3-1841,CE20C352/S3,Light arrengment in Amar Cotege area at Pr. No. 20 B,1000000
CE20C352/S3-1842,CE20C352/S3,Light arrengment in Dnyandip Socity at Pr. No. 20 B,1000000
CE20C352/S3-1843,CE20C352/S3,Light arrengment in Jahangirnagar at Pr. No. 20 B,1000000
CE20C352/S3-1844,CE20C352/S3,Install underground cable in Tadiwala Road Lokseva Vasahat,1000000
CE20C352/S3-1845,CE20C352/S3,Install underground cable backside Kapila Dairy Tadiwala Road,1000000
CE20C352/S3-1846,CE20C352/S3,lights system in Ladkatwadi Tadiwala Road,1000000
CE20C352/S3-1847,CE20C352/S3,lights system in Chavan Chal Tadiwala Road,1000000
CE20C352/S3-1848,CE20C352/S3,lights system in Rajiv Gandhinagar Gadage Maharaj Vasahat at Pr. No. 21 A and B,1000000
CE20C352/S3-1849,CE20C352/S3,Install underground cable in Koregoan Park at lane No. 4,1000000
CE20C352/S3-1850,CE20C352/S3,Install underground cable in Kavadewadi Koregoan Park,2000000
CE20C352/S3-1851,CE20C352/S3,Install underground cable in Aglavi Chal Gorpadi at Pr. No. 21 A and B,1000000
CE20C352/S3-1852,CE20C352/S3,Light arrengment in different area at Pr. No. 21 A and B,2500000
CE20C352/S3-1853,CE20C352/S3,electric related work in different area at Pr. No. 22 B,1000000
CE20C352/S3-1854,CE20C352/S3,Install new LED lights from Vegetable Market square to Saurabh Hall Church at Pr. No. 22 B,1500000
CE20C352/S3-1855,CE20C352/S3,Install underground cable in different area at Pr. No. 22 B,1000000
CE20C352/S3-1856,CE20C352/S3,electric related work in different area at Pr. No. 23 A,1000000
CE20C352/S3-1857,CE20C352/S3,Install attractive electric pole in different area and other related work at Pr. No. 23 A,1000000
CE20C352/S3-1858,CE20C352/S3,Install LED fitting in different area of Mangalwar Peth at Pr. No. 23 A,1000000
CE20C352/S3-1859,CE20C352/S3,Install LED fitting in different area of Kasba Peth and other electric related work at Pr. No. 23 A,1000000
CE20C352/S3-1860,CE20C352/S3,electric related work in different area at Pr. No. 23 B,1000000
CE20C352/S3-1861,CE20C352/S3,Install 12m decorative in Kakasaheb Gadgil square to Kasba ward office at Pr. No. 23 B,1000000
CE20C352/S3-1862,CE20C352/S3,Remove old not working pole and install 6m decorative pole in at Pr. No. 23 B,1000000
CE20C352/S3-1863,CE20C352/S3,Install LED fitting in different area at Pr. No. 23 B,1000000
CE20C352/S3-1864,CE20C352/S3,Change electric light fitting in different area at Pr. No. 24 A,1000000
CE20C352/S3-1865,CE20C352/S3,Repairing and maintenance electric related work in different area at Pr. No. 24 A,500000
CE20C352/S3-1866,CE20C352/S3,Install underground electric wiring in different area at Pr. No. 24 B,5000000
CE20C352/S3-1867,CE20C352/S3,Install LED fitting in different area at Pr. No. 24 B,2000000
CE20C352/S3-1868,CE20C352/S3,Install underground electric cable in Hanumannagar Navraman Navrajastan and Mangalwadi at Pr. No. 25 B,5000000
CE20C352/S3-1869,CE20C352/S3,Install LED fitting and electric pole in different area at Pr. No. 25 B,5000000
CE20C352/S3-1870,CE20C352/S3,Light arrengment in Shettiba Algude Garden at Pr. No. 25 B,2000000
CE20C352/S3-1871,CE20C352/S3,Install undergraund electric line from Balaji Mitra Mandal to Jayhind Mitra Mandal at Pr. No. 26,1000000
CE20C352/S3-1872,CE20C352/S3,Install undergraund electric line from buildingi Mata Temple to Balaji Mitra Mandal at Pr. No. 26,1000000
CE20C352/S3-1873,CE20C352/S3,Remove ols lights and install new pole lights if required in Hanumannagar roadwadi More Shramik Vasahat Vasantnagar Bhimnagar at Pr. No. 26,2000000
CE20C352/S3-1874,CE20C352/S3,Install underground electric line in Hanumannagar roadwadi More Shramik Vasahat Rajiv Gandhi Park Bhimnagar at Pr. No. 26,1000000
CE20C352/S3-1875,CE20C352/S3,Install highmast lights in important square at Pr. No. 26,1500000
CE20C352/S3-1876,CE20C352/S3,Remove overhard wire and Install underground cable in MIT College Shilavihar Colony LIC Colony Girija Socity area at Pr. No. 26,3000000
CE20C352/S3-1877,CE20C352/S3,underground wiring.  Light arrengment change old and notworking fitting in Hanumannagar roadwadi More Sharkik Vasahat Kelewadi Indira Park Rajiv Gandhi Park Vasant Nagar Bhimnagar at Pr. No. 26,3000000
CE20C352/S3-1878,CE20C352/S3,Remove overhead wiring and install underground cable in MIT College Shilavihar Colony LIC Colony Girija socity at Pr. No. 26,3000000
CE20C352/S3-1879,CE20C352/S3,Remove old electric pole install new electric pole and Change old fitting lights in MIT College Shilavihar Colony LIC Colony Girija Socity area at Pr. No. 26,2000000
CE20C352/S3-1880,CE20C352/S3,Replace old underground cable in Pound Falyover at Pr. No. 26,2000000
CE20C352/S3-1881,CE20C352/S3,Remove old lights and install new highmast light in Pund Falyover at Pr. No. 26,1500000
CE20C352/S3-1882,CE20C352/S3,Install highmast lights and Develop  Light arrengment in all important square at Pr. No. 26,2000000
CE20C352/S3-1883,CE20C352/S3,Install CCTV camera in main transport road and square in Pr. No. 26,2000000
CE20C352/S3-1884,CE20C352/S3,Install CCTV camera for security purpose in Mamasaheb Mohol School road Hospital Gym Study Center and two floor of Mahila Saymrojar Center at Pr. No.26,2000000
CE20C352/S3-1885,CE20C352/S3,Install lifts in maternity home at Pr. No. 26,2000000
CE20C352/S3-1886,CE20C352/S3,Install lights working on Saur urja in different area at Pr. No. 26,2000000
CE20C352/S3-1887,CE20C352/S3,Electric related and other work in different area at Pr. No. 27 A,2000000
CE20C352/S3-1888,CE20C352/S3,Install underground electic line in different area at Pr. No. 27 A,2500000
CE20C352/S3-1889,CE20C352/S3,Electric related and other work in different area at Pr. No. 27 B,5000000
CE20C352/S3-1890,CE20C352/S3,Install underground electic line in different area at Pr. No. 27 B,2500000
CE20C352/S3-1891,CE20C352/S3,Install LED fitting and pole in different area at Pr. No.28 A,2000000
CE20C352/S3-1892,CE20C352/S3,Install underground cable in different area at Pr. No. 28 A,2000000
CE20C352/S3-1893,CE20C352/S3,Install decorative pole in different area at Pr. No. 28 A,2500000
CE20C352/S3-1894,CE20C352/S3,Install underground cable in different area at Pr. No. 28 B,2000000
CE20C352/S3-1895,CE20C352/S3,Install pole in different area at Pr. No. 28 B,2000000
CE20C352/S3-1896,CE20C352/S3,Install LED fitting and new pole in different area at Pr. No.28 B,2000000
CE20C352/S3-1897,CE20C352/S3,Install underground electric cable and new pole in Gurujan Socity Shinde Colony Shreeram Colony Sagar Colony at Pr. No. 28 B,2000000
CE20C352/S3-1898,CE20C352/S3,Install LED fitting in different area at Pr. No.29 A,1500000
CE20C352/S3-1899,CE20C352/S3,Install underground cable in different area at Bhusari Colony Pr. No. 29 A,2000000
CE20C352/S3-1900,CE20C352/S3,Install underground cable in different area at Bhavdhan area Pr. No. 29 A,2000000
CE20C352/S3-1901,CE20C352/S3,Install underground cable in different area at Pr. No. 29 A,2000000
CE20C352/S3-1902,CE20C352/S3,Install underground electric cable in different area at Pr. No. 29 B,2000000
CE20C352/S3-1903,CE20C352/S3,Install LED light fitting in different area at Pr. No. 29 B,2000000
CE20C352/S3-1904,CE20C352/S3,Install energy saving fitting in different area at Pr.No. 30 A,2000000
CE20C352/S3-1905,CE20C352/S3,Install highmast pole in different area at Pr.No. 30 A,2000000
CE20C352/S3-1906,CE20C352/S3,Install 22kv high voltage electric line underground in Varje Malwadi at Pr. No. 30 B,7500000
CE20C352/S3-1907,CE20C352/S3,Install underground electric cable in different area at Pr. No. 30 B,5000000
CE20C352/S3-1908,CE20C352/S3,Install street light pole in Mangwada Ramnagar Varje at Pr. No. 31,1000000
CE20C352/S3-1909,CE20C352/S3,Install street light pole in Dabar Khan Ramnagar Varje at Pr. No. 31,1000000
CE20C352/S3-1910,CE20C352/S3,Install street light pole in Ramnagar Varje at Pr. No. 31,1000000
CE20C352/S3-1911,CE20C352/S3,Install street light pole in New Ahire Varje at Pr. No. 31,1000000
CE20C352/S3-1912,CE20C352/S3,Install street light pole in Laxmi square and Shriram square at Pr. No. 31,1000000
CE20C352/S3-1913,CE20C352/S3,Install electric pole and  Light arrengment in Happy Colony Gosavi Wasti at Pr. No. 32,1000000
CE20C352/S3-1914,CE20C352/S3,Install electric pole and  Light arrengment in New Shivane Kadam Wasti at Pr. No. 32,500000
CE20C352/S3-1915,CE20C352/S3,Install electric pole and  Light arrengment from Caynol Road Mavale Ali to Happy Colony Gosavi Wasti at Pr. No. 32,1000000
CE20C352/S3-1916,CE20C352/S3,Install electric pole and  Light arrengment from Rajaram Bridge to Mavale Ali at Pr. No. 32,1000000
CE20C352/S3-1917,CE20C352/S3,Install electric pole and  Light arrengment from Minal Corner to Hingane Stree Shikshan Sanstha at Pr. No. 32,2500000
CE20C352/S3-1918,CE20C352/S3,Install electric pole and  Light arrengment in Pinak area at Pr. No. 32,1000000
CE20C352/S3-1919,CE20C352/S3,Install electric pole and  Light arrengment from Corporation Bank to Potnis area main road at Pr. No. 32,1000000
CE20C352/S3-1920,CE20C352/S3,underground electric line in Malave Ali Budha Vihar Kamana Vasahat at Pr. No. 32,1000000
CE20C352/S3-1921,CE20C352/S3,Install decorative pole from Kokan Express to Abhisheki Garden at Pr. No. 33 A,1000000
CE20C352/S3-1922,CE20C352/S3,Install decorative pole in different area at Pr. No. 33 A,1000000
CE20C352/S3-1923,CE20C352/S3,Install LED fitting electric lights in Shravandhara Vasahat at Pr. No. 33 A,1000000
CE20C352/S3-1924,CE20C352/S3,Install closed-circuit (CC) camera in different area at Pr. No. 33 B,10000000
CE20C352/S3-1925,CE20C352/S3,Install LED fitting in Ekata Colony area Bhelakenagar at Pr. No. 34 A,1000000
CE20C352/S3-1926,CE20C352/S3,Development in  Light arrengment at Milan Socity Shivshakti Socity area Pr. No. 34 A,1000000
CE20C352/S3-1927,CE20C352/S3,Install new electric pole and  Light arrengment in Mayur Colony area at Pr. No. 34 A,1000000
CE20C352/S3-1928,CE20C352/S3,Remove dangers MSEB pole and install underground cable at Pr. No. 34 A,3000000
CE20C352/S3-1929,CE20C352/S3,new  Light arrengment in newly develop caynol road at Pr. No. 34 A,2000000
CE20C352/S3-1930,CE20C352/S3,Remove dangers pole and install underground cable in different area at Pr. No. 34 A,5000000
CE20C352/S3-1931,CE20C352/S3,Light arrengment in different are at Pr. No. 34 B,2000000
CE20C352/S3-1932,CE20C352/S3,Install underground electric line in different area at Pr. No. 34 B,2000000
CE20C352/S3-1933,CE20C352/S3,Install underground electric line in Karvenagar Socity at Pr. No. 35 B,1500000
CE20C352/S3-1934,CE20C352/S3,Install underground electric line in Dhanshree Socity at Pr. No. 35 B,1500000
CE20C352/S3-1935,CE20C352/S3,Install underground electric line in United Western Socity at Pr. No. 35 B,1000000
CE20C352/S3-1936,CE20C352/S3,Develop electric system in Hirabhai Track at Pr. No. 36 B,1000000
CE20C352/S3-1937,CE20C352/S3,Develop electric system in Kamla Neharu Park at Pr. No. 36 B,1000000
CE20C352/S3-1938,CE20C352/S3,Install underground cable at Pr. No. 37 B,1000000
CE20C352/S3-1939,CE20C352/S3,Change old electric cable at Pr. No. 37 B,1000000
CE20C352/S3-1940,CE20C352/S3,Install LED lights new pole and  Light arrengment in Daruwala Bridge Khdiche Maidhan square Rastewada 15 August square Station Road at Pr. No. 39 B,3000000
CE20C352/S3-1941,CE20C352/S3,Install pole underground wiring and related work in different area at Pr. No. 39 B,4000000
CE20C352/S3-1942,CE20C352/S3,Install LED fitting in different lane at Pr. No. 39 B,1500000
CE20C352/S3-1943,CE20C352/S3,Install highmast light in Raste Wada square 35 Somwar Peth Maruti Temple square 15 August square at Pr. No. 39 B,1000000
CE20C352/S3-1944,CE20C352/S3,Light arrengment from ZP square to Narpatgiri square and Barake Ali in different area at Pr. No. 40 A,1000000
CE20C352/S3-1945,CE20C352/S3,Develop  Light arrengment in Bolaikhana and area at Pr. No. 40 A,500000
CE20C352/S3-1946,CE20C352/S3,Develop  Light arrengment in Baner road infront Shamrao Kalmadi School and area at Pr. No. 40 A,1000000
CE20C352/S3-1947,CE20C352/S3,Develop  Light arrengment from Babasaheb Ambedkar building to Sant Kabir square and area at Pr. No. 40 A,500000
CE20C352/S3-1948,CE20C352/S3,Install LED fitting in different area at Pr. No. 41 A,5000000
CE20C352/S3-1949,CE20C352/S3,Install electric pole on road from Dobadwadi ti Kavade Mala at Pr. No. 41 B,2500000
CE20C352/S3-1950,CE20C352/S3,Install underground electric cable near Balaji Nagar rivulet at Pr. No. 41 B,2000000
CE20C352/S3-1951,CE20C352/S3,Install underground electric cable from Shrawastinagar Ghali No. 6 to Anant Talkies at Pr. No. 41 B,2500000
CE20C352/S3-1952,CE20C352/S3,lights system in Samrat Garden and Mohintara Hospital at Pr. No. 42 A,1000000
CE20C352/S3-1953,CE20C352/S3,lights system in Ramoshi Ali at Pr. No. 42 A,1000000
CE20C352/S3-1954,CE20C352/S3,Install highmast light in different area at Pr. No. 42 A,1000000
CE20C352/S3-1955,CE20C352/S3,lights system in different area at Sasaninagar area Pr. No. 42 A,1000000
CE20C352/S3-1956,CE20C352/S3,Install underground electric cable in different area at Pr. No. 42 B,10000000
CE20C352/S3-1957,CE20C352/S3,underground electric line in Bankar Colony and area at Pr. No. 43 A,1000000
CE20C352/S3-1958,CE20C352/S3,Light arrengment from Sanjivani Hospital to Kasai Garden Road at Pr. No. 43 A,1000000
CE20C352/S3-1959,CE20C352/S3,Remove electric pole and  underground cable in Sr. No. 165 Janta Vasahat at Pr. No. 43 A,1500000
CE20C352/S3-1960,CE20C352/S3,Install LED fitting in Anandnagar Parijat Colony Bhagirathinagar at Pr.No. 43 A,2000000
CE20C352/S3-1961,CE20C352/S3,Install LED fitting with electric pole in Malwadi at Pr.No. 43 A,1500000
CE20C352/S3-1962,CE20C352/S3,Install LED fitting in No. 15 area at Pr. NO. 43 A,1000000
CE20C352/S3-1963,CE20C352/S3,Install LED fitting in Ajinkya Colony Bankar Colony Satav Plot Davarinagar Shantinagar and Vishalnagar at Pr. NO. 43 A,1000000
CE20C352/S3-1964,CE20C352/S3,Install highmast pole in different area at Pr. No. 43 A,1000000
CE20C352/S3-1965,CE20C352/S3,Light arrengment from Manjari Fata to Annasaheb Magar CollegeRoad at Pr. No. 43 B,3500000
CE20C352/S3-1966,CE20C352/S3,Light arrengment in Laxmi Colony at Pr. No. 43 B,2000000
CE20C352/S3-1967,CE20C352/S3,underground electric line in Mangari Fata and area at Pr. No. 43 B,2000000
CE20C352/S3-1968,CE20C352/S3,underground cable in No. 15 area at Pr. No. 43 B,1500000
CE20C352/S3-1969,CE20C352/S3,Install 42 inch TVC Cameras and Sound System in Late Ramchandre Bankar Education and Krida Sankul at Pr. No. 44 A,2000000
CE20C352/S3-1970,CE20C352/S3,Install LED light in Pr. No. 44 A,1000000
CE20C352/S3-1971,CE20C352/S3,Install light pole in different area Pr. No. 44 A,1000000
CE20C352/S3-1972,CE20C352/S3,Install undergraund electric wires in different area at Pr. No. 44 B,1000000
CE20C352/S3-1973,CE20C352/S3,Install electric pole in different area at Pr. No. 44 B,1000000
CE20C352/S3-1974,CE20C352/S3,Install  Light arrengment in different area at Pr. No. 44 B,1000000
CE20C352/S3-1975,CE20C352/S3,Install  Light arrengment in Handewadi Road Sr. No. 34 35 at Pr. No. 45 A,1500000
CE20C352/S3-1976,CE20C352/S3,underground in Kaleboratenagar Sr. No. 34 35 at Pr. No. 45 A,1500000
CE20C352/S3-1977,CE20C352/S3,Light arrengment in internal road in Anandnagar Mohamdwadi at Pr. No. 45 A,2000000
CE20C352/S3-1978,CE20C352/S3,Install  Light arrengment in Porwadi Mohamdwadi at Pr. No. 45 A,2000000
CE20C352/S3-1979,CE20C352/S3,Install  Light arrengment in Indrayani Mangal Karyalaya Kaleboratenagar Mohamdwadi at Pr. No. 45 A,2000000
CE20C352/S3-1980,CE20C352/S3,Install  Light arrengment in Hevan Park Mohamdwadi at Pr. No. 45 A,2000000
CE20C352/S3-1981,CE20C352/S3,Install undergraund cable in Sr. No. 73 Udog Nagar at Pr. No. 45 B,1000000
CE20C352/S3-1982,CE20C352/S3,Install  Light arrengment in Krushnanagar and Hevan Park at Pr. No. 45 B,1000000
CE20C352/S3-1983,CE20C352/S3,Install  Light arrengment in Sasane Wasti and Sayyadnagar at Pr. No. 45 B,1000000
CE20C352/S3-1984,CE20C352/S3,Install electric system and electric pole in Ramtekadi area at Pr. No. 46 A,2000000
CE20C352/S3-1985,CE20C352/S3,Install electric pole in Ramtekadi Industries at Pr. No. 46 A,2000000
CE20C352/S3-1986,CE20C352/S3,Install electric system in Late Annabhau Sathe Garden at Pr. No. 46 A,2000000
CE20C352/S3-1987,CE20C352/S3,Install  Light arrengment in all road and lane at Vanwadi area Pr. No. 46 B,3000000
CE20C352/S3-1988,CE20C352/S3,Remove overhead wiring and install underground electric line at Pr. No. 47 A ( Harkanagar Cunaman Talim Kamalamala Ganpat Bhoichal Bhagvandhas Chal ),2000000
CE20C352/S3-1989,CE20C352/S3,Install underground electric line in Rajewadi Ptrayachi Chal Sonavane Vasahat and 524 830 831 at Pr. No. 47 A,2000000
CE20C352/S3-1990,CE20C352/S3,Install LED fitting in different area at Pr. No. 47 B,1000000
CE20C352/S3-1991,CE20C352/S3,Remove old pole and install new pole in different area at Pr. No. 48 A,1000000
CE20C352/S3-1992,CE20C352/S3,Install LED lights and Solar lights in Swami Samarth Temple at Pr. No. 48 A,1000000
CE20C352/S3-1993,CE20C352/S3,Install underground electric cable in different area at Pr. No. 48 B,1000000
CE20C352/S3-1994,CE20C352/S3,Install designer pole on main road in different area at Pr. No. 48 B,1000000
CE20C352/S3-1995,CE20C352/S3,Install underground cable from Samadhan square to Rameshwar square at Pr. No. 49 A,1000000
CE20C352/S3-1996,CE20C352/S3,Install underground cable from Sonyamaruti square to Samadhan square at Pr. No. 49 A,1000000
CE20C352/S3-1997,CE20C352/S3,complete electric related toilets work in different area at Pr. No. 50 A,1000000
CE20C352/S3-1998,CE20C352/S3,electric related work in different area at Pr. No. 50 B,1000000
CE20C352/S3-1999,CE20C352/S3,Install decorative pole in Bhagayshree Socity area at Pr. No. 51 A,1000000
CE20C352/S3-2000,CE20C352/S3,Install LED fitting in different area at Pr. No. 51 B,1000000
CE20C352/S3-2001,CE20C352/S3,Changing LED fitting in different area at Pr. No. 51 B,1000000
CE20C352/S3-2002,CE20C352/S3,Install designer pole in Dattawadi area at Pr. No. 52 A,1000000
CE20C352/S3-2003,CE20C352/S3,Install LED in Dattawadi area at Pr. No. 52 A,1000000
CE20C352/S3-2004,CE20C352/S3,Install LED in Rajendrenagar area Navi Peth at Pr. No. 52 A,1000000
CE20C352/S3-2005,CE20C352/S3,Install electric pole in different area at Pr. No. 52 A,1000000
CE20C352/S3-2006,CE20C352/S3,Install undergrouund cable in Dattawadi Rajendranagar and Navi Peth area at Pr. No. 52 A,1000000
CE20C352/S3-2007,CE20C352/S3,Install relling and fitting in Sr. No. 139 Dandekar Bridge tiles Bridge at Pr. No. 52 B,1000000
CE20C352/S3-2008,CE20C352/S3,Install electric related LED fitting in different area at Pr. No. 52 B,1000000
CE20C352/S3-2009,CE20C352/S3,Electric related work in Gym and Study Center in Old Desai Vitbhatti Dandekar Bridge at Pr. No. 52 B,500000
CE20C352/S3-2010,CE20C352/S3,Install LED fitting in different areas at Pr. No. 53 A,500000
CE20C352/S3-2011,CE20C352/S3,electric related work in different areas at Pr. No. 53 B,1000000
CE20C352/S3-2012,CE20C352/S3,Install LED fitting in different areas at Pr. No. 54 A,1000000
CE20C352/S3-2013,CE20C352/S3,Light arrengment in different areas of Dhayari at Pr. No. 54 A,1000000
CE20C352/S3-2014,CE20C352/S3,underground electric cable in different area at Pr. No. 54 B,2500000
CE20C352/S3-2015,CE20C352/S3,Install Octopus pole from Dhanraj Complex to Paunjai Temple DP road side at Pr. No. 55 A,1000000
CE20C352/S3-2016,CE20C352/S3,Install Octopus pole from Mahesh Galaxy Vadgoan Budruk to Jadhavnagar DP road side at Pr. No. 55 A,1000000
CE20C352/S3-2017,CE20C352/S3,underground LT line in Tukainagar Vadgoan Budruk at Pr. No. 55 A,2000000
CE20C352/S3-2018,CE20C352/S3,Electric related work in Vadgoan Budruk at Pr. No. 55 A,2000000
CE20C352/S3-2019,CE20C352/S3,underground HT and LT line between Tukainagar Vadgoan Budruk to Sinhgad College Road at Pr. No. 55 B,1500000
CE20C352/S3-2020,CE20C352/S3,HT and LT line cabling between Navale Pumping Station to Mahadevnagar Bus Stop in Vadgoan Budruk at Pr. No. 55 B,1500000
CE20C352/S3-2021,CE20C352/S3,Install Octopus pole from Tukainagar to Raj Garden DP road side in Vadgoan Budruk at Pr. No. 55 B,1500000
CE20C352/S3-2022,CE20C352/S3,Install Octopus pole from Suvarn Nagari to Amarjot Mandal both side of 18m DP road in Vadgoan Budruk at Pr. No. 55 B,2000000
CE20C352/S3-2023,CE20C352/S3,Install street pole in different areas of Vadgoan Budruk at Pr. No. 55 B,2000000
CE20C352/S3-2024,CE20C352/S3,Install LED pole in Amrapali Buddhavihar Sr. No. 131 Panmala Vasahat Janata Vasahat at Pr. No. 56,1000000
CE20C352/S3-2025,CE20C352/S3,Install LED lights backside of MNS Office in Panmala at Pr. No. 56,1000000
CE20C352/S3-2026,CE20C352/S3,Install electric pole in different area of Janta Vasahat at Pr. No. 56 B,2000000
CE20C352/S3-2027,CE20C352/S3,Install underground cable in Shankar Temple area at Pr. No. 56 B,1000000
CE20C352/S3-2028,CE20C352/S3,Install underground cable in Ram Temple area at Pr. No. 56 B,1000000
CE20C352/S3-2029,CE20C352/S3,Install underground cable in Jay buildingi Mitra Mandal area at Pr. No. 56 B,1000000
CE20C352/S3-2030,CE20C352/S3,Install LED lights in Ganesh Mitra Mandal Janta Vasahat at Pr. No. 56,1000000
CE20C352/S3-2031,CE20C352/S3,Install LED lights in Sidharth Electronics Janta Vasahat at Pr. No. 56,1000000
CE20C352/S3-2032,CE20C352/S3,Install LED lights in Mrutunjay Mitra Mandal Sr. No. 132 Janta Vasahat at Pr. No. 56,1000000
CE20C352/S3-2033,CE20C352/S3,Install LED lights near Narlekar Hospital Janta Vasahat at Pr. No. 56,1000000
CE20C352/S3-2034,CE20C352/S3,LED fitting in different area at Pr. No. 57 B,500000
CE20C352/S3-2035,CE20C352/S3,Install underground cable in different area at PR. No. 57 B,2000000
CE20C352/S3-2036,CE20C352/S3,Repairing and maintenance electric related work in Pramod Mahajan Krida Sankul and develop new  Light arrengment at Pr. No. 58 A,1000000
CE20C352/S3-2037,CE20C352/S3,underground wiring at Pr. No. 58 A,500000
CE20C352/S3-2038,CE20C352/S3,Change old electric lights and new install induction fitting in different area at Pr. No. 58 B,2000000
CE20C352/S3-2039,CE20C352/S3,Change old electric lights and new install induction fitting in Shukrwar Peth Guruwar Peth Gorpade Peth at Pr. No. 58 B,2000000
CE20C352/S3-2040,CE20C352/S3,Install highmast LED in different areas at Pr. No. 58 B,1000000
CE20C352/S3-2041,CE20C352/S3,Install triple i highmast in different areas at Pr. No. 58 B,1000000
CE20C352/S3-2042,CE20C352/S3,Electric related work ( wiring) in School Building Toilets at Pr. No. 60 A,1500000
CE20C352/S3-2043,CE20C352/S3,Install LED lights in Gurunanak Nagar at Pr. No. 60 A,1500000
CE20C352/S3-2044,CE20C352/S3,Install LED lights and other related work in front of 10 No. Colony area and Ghali Kashewadi at Pr. No. 60 A,1500000
CE20C352/S3-2045,CE20C352/S3,Electric related work in entartainment centerfor senior citizen and install decorative pole in lawns infront of entartainment centerat MNC Colony No. 10 Pr. No. 60 A,2500000
CE20C352/S3-2046,CE20C352/S3,electric related work in buildingi Peth ward office at Pr. No. 60 A,1000000
CE20C352/S3-2047,CE20C352/S3,Light arrengment in different areas of Kasewadi at Pr. No. 60 B,2000000
CE20C352/S3-2048,CE20C352/S3,underground electric line in NIBM area at Pr. No. 61 A,2000000
CE20C352/S3-2049,CE20C352/S3,electric system in different area at PR. No. 61 B,2500000
CE20C352/S3-2050,CE20C352/S3,Light arrengment in NIBM areas at Pr. No. 62 A,1000000
CE20C352/S3-2051,CE20C352/S3,Light arrengment in Sainagar Gokulnagar Tilekarnagar Kakadenagar Asharfnagar Shivshmbhonagar Laxminagar Ambedkarnagar and different areas of Kondhwa Budruk at Pr. No. 62 B,1000000
CE20C352/S3-2052,CE20C352/S3,Install lights with pole in Mali Samaj Area Sr. No. 48 58 to 66 Minu Mehata Nagar Pokalemala Sr. No. 42 to 45 Bhimnagar Kondhwa Kurdh NIBM area at Pr. No. 62 B,1000000
CE20C352/S3-2053,CE20C352/S3,Remove dengers electric pole and install underground cable in Sainagar Gokulnagar Tilekarnagar Salve Garden Rajiv Gandhi Nagar at Pr. No. 62 B,1000000
CE20C352/S3-2054,CE20C352/S3,Install underground cabal in different areas of Kondhwa Budruk Gaonthan Laxminagar Ambedkarnagar Minu Mehata Nagar Sharda Nagar Kamathe Nagar Kakdenagar Sr. No. 4 5 6 and Sr. No. 42 to 45 at Pr. No. 62 B,2000000
CE20C352/S3-2055,CE20C352/S3,Construct incomplete Urdu School in Mithanagar at Pr. No. 63 B,1000000
CE20C352/S3-2056,CE20C352/S3,Light arrengment in different area at Pr. No. 63 B,1000000
CE20C352/S3-2057,CE20C352/S3,Install LED fitting in different area at Pr. No. 63 B,1000000
CE20C352/S3-2058,CE20C352/S3,Install decorative pole in different area at Pr. No. 63 B,1000000
CE20C352/S3-2059,CE20C352/S3,underground ST and LTMSEB electric cable in Pr. No. 64 A,2000000
CE20C352/S3-2060,CE20C352/S3,Install LED fitting in Anand Mira Socity and Vrundavan Socity area at Pr. No. 64 B,1000000
CE20C352/S3-2061,CE20C352/S3,Install highmast in Dayas Plot Dhole Mala Shriyas Socity area at Pr. No. 64 B,1000000
CE20C352/S3-2062,CE20C352/S3,underground electric cable line in Dholemala area at Pr. No. 64 B,1000000
CE20C352/S3-2063,CE20C352/S3,Install light pole in different area Pr. No. 65 A,1000000
CE20C352/S3-2064,CE20C352/S3,new light fitting in 12 Public toiletsand install water pump in Lohiya Nagar at Pr. No. 65 A,1000000
CE20C352/S3-2065,CE20C352/S3,Install new lights pole in PMC colony No. 8 and 9 at Pr. No. 65 A,1000000
CE20C352/S3-2066,CE20C352/S3,Install new lights pole in colony No. 7 Gorpade Peth at Pr. No. 65 A,1000000
CE20C352/S3-2067,CE20C352/S3,Shift MSCB pole and transformer in different area of Eakbote Colony and Gorpadi Peth at Pr. No. 65 B,2000000
CE20C352/S3-2068,CE20C352/S3,Install underground cable at Pr. No. 65 B,2000000
CE20C352/S3-2069,CE20C352/S3,Electric related in different area at Pr. No. 65 B,1000000
CE20C352/S3-2070,CE20C352/S3,Install electric pole and LED fitting in Premnagar Socity and Ruturaj Socity at Pr. No. 66 A,1000000
CE20C352/S3-2071,CE20C352/S3,Light arrengment and electric pole in different area at Pr. No. 66 A,1000000
CE20C352/S3-2072,CE20C352/S3,Install LED on road in Maharshinagar at Pr. No. 66 B,2000000
CE20C352/S3-2073,CE20C352/S3,underground wiring in Indiranagar and Audyogik Vasahat Maharshinagar at Pr. No. 66 B,2000000
CE20C352/S3-2074,CE20C352/S3,underground electric line in different area at 66 B maharshinagar,7000000
CE20C352/S3-2075,CE20C352/S3,Increase  Light arrengment in Late Aruna Asaf Ali Garden and other related work at Maharshinagar Pr. No. 66 B,1000000
CE20C352/S3-2076,CE20C352/S3,Light arrengment in Manoj Socity area at Marketyard Road Pr. No. 66 B,1000000
CE20C352/S3-2077,CE20C352/S3,Light arrengment in Marketyard Office main road at Pr. No. 66 B,1000000
CE20C352/S3-2078,CE20C352/S3,Install LED fitting and decorative in different area at Pr. No. 66 B,1000000
CE20C352/S3-2079,CE20C352/S3,Light arrengment LED fitting and install new decorative pole between Shivshankar Sabhagruha to Super Londry at Pr. No. 66 B,1500000
CE20C352/S3-2080,CE20C352/S3,Install LED fitting in Govardhan Socity Madumangesh Socity area at Pr. No. 66 B,1500000
CE20C352/S3-2081,CE20C352/S3,Install highmast pole in different area at Main square Pr. No. 66 B,1000000
CE20C352/S3-2082,CE20C352/S3,Light arrengment in TMV Colony bus stop at Pr. No. 66 B,500000
CE20C352/S3-2083,CE20C352/S3,Wiring related work in newly construct toilets at Pr. No. 66 B,500000
CE20C352/S3-2084,CE20C352/S3,Supply home to home underground wire in different area at Padmavati Vasahat Pr. No. 67 A,1000000
CE20C352/S3-2085,CE20C352/S3,Shift pole and  wiring in Padmavati Vasahat at Pr. No. 67 A,1000000
CE20C352/S3-2086,CE20C352/S3,Fitting 60 and 90 watt LED in different area at Padmavati Vasahat Pr. No. 67 A,1000000
CE20C352/S3-2087,CE20C352/S3,Install 70 watt fitting LED in Veer Lahuji Navjivan Mahlar Mantard Vasahat at Pr. No. 67 A,1000000
CE20C352/S3-2088,CE20C352/S3,Install three in one pole advance pole 90 watt LED Camera Speaker from Shivdarshan square to Taware Colony at Pr. No. 67 A,1000000
CE20C352/S3-2089,CE20C352/S3,Install three in one pole advance pole 90 watt LED Camera Speaker from Gajanan square to Shinde High School at Pr. No. 67 A,1000000
CE20C352/S3-2090,CE20C352/S3,underground electric related work at Pr. No. 67 B,2000000
CE20C352/S3-2091,CE20C352/S3,Light arrengment and other related work in Pr. No. 67 B,4000000
CE20C352/S3-2092,CE20C352/S3,Install lights on the road of Taljai Temple,5000000
CE20C352/S3-2093,CE20C352/S3,underground cable and MSEB pole other electric related work in golavalkar Guruji Path and area at Pr. No. 68,5000000
CE20C352/S3-2094,CE20C352/S3,underground cable and MSEB pole other electric related work in Sahakarnagar No. 2 and Dashbhuja Ganpati Road area at Pr. No. 68,5000000
CE20C352/S3-2095,CE20C352/S3,underground cable and MSEB pole other electric related work in Laxminagar and Mahda colony area at Pr. No. 68,5000000
CE20C352/S3-2096,CE20C352/S3,Development in  Light arrengment in Taljai Vasahat Kiran Socity Shahu Vasahat and different area at Pr. No. 68,5000000
CE20C352/S3-2097,CE20C352/S3,electric related work in Dhankavadi Gavthan area at Pr. No. 69 A,1000000
CE20C352/S3-2098,CE20C352/S3,electric related work in Taljai area at Pr. No. 69 A,1000000
CE20C352/S3-2099,CE20C352/S3,electric related work in Sahyadri Nagar Dhankavadi crematorium area at Pr. No. 69 A,2000000
CE20C352/S3-2100,CE20C352/S3,electric related work in Keshav Nagar area at Pr. No. 69 A,1000000
CE20C352/S3-2101,CE20C352/S3,electric related work in Sr. No. 3 36 area at Pr. No. 69 A,1000000
CE20C352/S3-2102,CE20C352/S3,electric related work in Gajanana Socity and Sambhajinagar area at Pr. No. 69 A,1000000
CE20C352/S3-2103,CE20C352/S3,electric related work in Sahyadri Nagar Dhankavadi crematorium area at Pr. No. 69 A,1500000
CE20C352/S3-2104,CE20C352/S3,electric related work in different area at Pr. No. 69 B,1000000
CE20C352/S3-2105,CE20C352/S3,electric  Light arrengment work in different area at Pr. No. 69 B,1000000
CE20C352/S3-2106,CE20C352/S3,underground cabling in different area at Pr. No. 69 B,1000000
CE20C352/S3-2107,CE20C352/S3,Install 9 m pole in different area at Pr. No. 69 B,1000000
CE20C352/S3-2108,CE20C352/S3,underground cabling in Sr. No. 7 3 area at Pr. No. 69 B,2000000
CE20C352/S3-2109,CE20C352/S3,electric related work Pr. No. 70 A,1000000
CE20C352/S3-2110,CE20C352/S3,Install LED fitting in different area at Pr. No. 70 B,1000000
CE20C352/S3-2111,CE20C352/S3,overhead underground wire in different area at Pr. No. 70 B,500000
CE20C352/S3-2112,CE20C352/S3,electric related work in different area at Pr. No. 70 B,2500000
CE20C352/S3-2113,CE20C352/S3,Light arrengment in Koteshwar Socity Aniket Kanchan Ganga Socity area at Pr. No. 71 A,1000000
CE20C352/S3-2114,CE20C352/S3,Install electric pole in Sangam Socity at Pr. No. 71 B,1000000
CE20C352/S3-2115,CE20C352/S3,Install electric pole in different area at Pr. No. 71 B,1000000
CE20C352/S3-2116,CE20C352/S3,Install LED pole in different area at Pr. No. 71 B,1000000
CE20C352/S3-2117,CE20C352/S3,underground electric wire in different area at Pr. No. 72 A,1500000
CE20C352/S3-2118,CE20C352/S3,underground electric wire in Selake Wasti Khadake Wasti at Pr. No. 72 A,1000000
CE20C352/S3-2119,CE20C352/S3,Install pole light fitting in different area at Pr. No. 72 A,1000000
CE20C352/S3-2120,CE20C352/S3,Install light fitting in Supper 276 Ota at Pr. No. 72 A,1000000
CE20C352/S3-2121,CE20C352/S3,Install light fitting pole in Padmavatinagar Saragam Chal Khadake Wasti at Pr. No. 72 A,1000000
CE20C352/S3-2122,CE20C352/S3,Install light fitting and pole in different area at Pr. No. 72 A,1000000
CE20C352/S3-2123,CE20C352/S3,Install electric pole in Vidhanahar Nagar at Pr. No. 72 B,1000000
CE20C352/S3-2124,CE20C352/S3,Install underground cable and related work in different area of  Kashinath Patinagar Punainagar Balajinagar at Pr. No. 73,2500000
CE20C352/S3-2125,CE20C352/S3,Light arrengment in different area at Pr. No. 73,2500000
CE20C352/S3-2126,CE20C352/S3,Install CCTV camera in different area at Pr. No. 73,5000000
CE20C352/S3-2127,CE20C352/S3,Transport related work and other work in Rajmudra Shreenagar Navrang Chitanyanagar Ganeshnagar area and different area at Pr. No. 74,1500000
CE20C352/S3-2128,CE20C352/S3,high voltage underground line and related work from Trimurti square to Bharati Vidyapith back side gate at Pr. No. 74,2500000
CE20C352/S3-2129,CE20C352/S3,Install decorative pole and related work in Sr. No. 29 Chitanyanagar area main road and different area at Pr. No. 74,2500000
CE20C352/S3-2130,CE20C352/S3,Install decorative pole and related work in Rajmudra areas main road at Pr. No. 74,2000000
CE20C352/S3-2131,CE20C352/S3,Install decorative pole and related work from Shivshankar square to Janubhai Temple main road at Pr. No. 74,2500000
CE20C352/S3-2132,CE20C352/S3,Install decorative pole and related work in Daulatnagar areas main road at Pr. No. 74,2000000
CE20C352/S3-2133,CE20C352/S3,Install decorative pole and related work in Rakshalekha areas main road at Pr. No. 74,2500000
CE20C352/S3-2134,CE20C352/S3,Install decorative pole and related work in Ashaynagar areas main road at Pr. No. 74,2500000
CE20C352/S3-2135,CE20C352/S3,Install decorative pole and related work in Radhavnagar Ashaynagar areas main road at Pr. No. 74,2000000
CE20C352/S3-2136,CE20C352/S3,underground high and low voltage line of MSCB from shivshankar square to Keshav Complex Shop at Pr. No. 74,2500000
CE20C352/S3-2137,CE20C352/S3,Internal road  Light arrengment and related work in Sambhajinagar areas chal No. 24 to 31 at Pr. No. 74,2000000
CE20C352/S3-2138,CE20C352/S3,Install decorative pole and related work in Daulatnagar areas main road at Pr. No. 74,2000000
CE20C352/S3-2139,CE20C352/S3,Install decorative pole and related work in Keshavnagar areas main road at Pr. No. 74,2000000
CE20C352/S3-2140,CE20C352/S3,Install decorative pole and related work in front of Omkarpark areas main road at Pr. No. 74,2000000
CE20C352/S3-2141,CE20C352/S3,Install decorative pole and related work in Adhishakti No. 2 areas main road at Pr. No. 74,1000000
CE20C352/S3-2142,CE20C352/S3,Install LED fitting  Light arrengment and related work in different area at Pr. No. 74,2500000
CE20C352/S3-2143,CE20C352/S3,underground high and low voltage line of MSCB in different area at Pr. No. 74,2500000
CE20C352/S3-2144,CE20C352/S3,Light arrengment and related work in different area at Pr. No. 74,2500000
CE20C352/S3-2145,CE20C352/S3,Install LED fitting and related work on main road in Sr. No. 28 29 31 33 34 at Pr. No 74,2500000
CE20C352/S3-2146,CE20C352/S3,Install LED fitting and related work on main road in Rajmudra Navarang Panchtareshwar Shreenagar Yog and Aher plot area at Pr. No 74,2500000
CE20C352/S3-2147,CE20C352/S3,Install LED fitting and related work on main road in Ganeshnagar Rashalekha Nityanand Mungale Annanagar Chitanyanagar Ashaynagar area at Pr. No 74,2500000
CE20C352/S3-2148,CE20C352/S3,underground cabling work from Trimurti square to Univarsity back side gate at Pr. No. 74,2500000
CE20C352/S3-2149,CE20C352/S3,Install decorative pole and related work from New Grahak Peth to Shivshambho Hights Sr. No. 34 at Pr. No. 74,1500000
CE20C352/S3-2150,CE20C352/S3,Light arrengment in different areas at Pr. No. 75 A,2500000
CE20C352/S3-2151,CE20C352/S3,Light arrengment in different areas at Ambegoan Pathar Pr. No. 75 B,2000000
CE20C352/S3-2152,CE20C352/S3,Light arrengment in different areas at Bharati Vidyapith Pr. No. 75 B,1500000
CE20C352/S3-2153,CE20C352/S3,Light arrengment in different areas at Santoshnagar Pr. No. 75 B,2000000
CE20C352/S3-2154,CE20C352/S3,Light arrengment in different areas at Dattanagar Pr. No. 75 B,1500000
CE20C352/S3-2155,CE20C352/S3,Install underground cable in different areas at Ambegoan Pathar Pr. No. 75 B,2000000
CE20C352/S3-2156,CE20C352/S3,Install underground cable in different areas at Bharati Vidyapith Pr. No. 75 B,2000000
CE20C352/S3-2157,CE20C352/S3,Install underground cable in different areas at Santoshnagar Pr. No. 75 B,2000000
CE20C352/S3-2158,CE20C352/S3,Install underground cable in different areas at Dattanagar Pr. No. 75 B,2000000
CE20C352/S3-2159,CE20C352/S3,Install underground cable in front of Vastushree at Pr. No. 76 A,1000000
CE20C352/S3-2160,CE20C352/S3,Install underground cable in Anandnagar at Pr. No. 76 A,1000000
CE20C352/S3-2161,CE20C352/S3,Install underground cable in Ghali No. 1 Shivshambho Nagar at Pr. No. 76 A,1000000
CE20C352/S3-2162,CE20C352/S3,Install underground cable in Ghali No. 3 and 4.5 Shivshambho Nagar at Pr. No. 76 A,1000000
CE20C352/S3-2163,CE20C352/S3,Install underground cable in Vidhnharta Nagar at Pr. No. 76 A,1000000
CE20C352/S3-2164,CE20C352/S3,Install underground cable in different areas at Rajas Socity area Pr. No. 76 B,3000000
CE20C352/S3-2165,CE20C352/S3,Install srteet light pole in different area at Kataraj Pr. No. 76 B,2500000
CE20C352/S3-2166,CE20C352/S3,Install white LED fitting light in different area at Sukhasagar Nagar Pr. No. 76 B,1000000
CE20C352/S3-2167,CE20C352/S3,Install light pole in different area at Sukhasagar Nagar Pr. No. 76 B,1000000
CE20C352/S3-2168,CE20C352/S3,underground pole light at Rajiv Gandhi Pr. No. 76 B,2000000
CE20C352/S3-2169,CE20C352/S3,Install Speaker Mike Stand Cordless Mike Amplifier Mixing Machine Water cooler etc. in Late Babanrao Kirad Sanskrutik Sabhagruh,500000
CE20C352/S3-2170,CE20C352/S3,Light arrengment Install decorative pole and related work on main road in different area at Pr. No. 74,2500000
CE20C352/S3-2171,CE20C352/S3,Light arrengment in Pr. No. 13 B,3000000
CE20C352/S3-2172,CE20C352/S3,Install LED fitting in Pr. No. 13 B,2000000
CE20C352/S3-2173,CE20C352/S3,underground electric cable in Prandenagar Sr. No. 81 82,1000000
CE20C352/S3-2174,CE20C352/S3,underground electric cable in Munjoba Wasti area Sr. No. 2 7 28 and 29,2000000
CE20C352/S3-2175,CE20C352/S3,Light arrengment in Lohgoan area,4000000
CE20C352/S3-2176,CE20C352/S3,Install LED lights in Sahitya Parishad square to Lokmanya Vachanalay Phule Road,500000
CE20C352/S3-2177,CE20C352/S3,Install LED lights between Ganjave square to Patrakar building at Pr. No. 51 A,300000
CE20C352/S3-2178,CE20C352/S3,Complete electric related work in different area at M. H. Board at Pr. No. 4 B,2000000
CE20C352/S3-2179,CE20C352/S3,Install underground electric cabal in different area at Pr. No. 41 A,5000000
CE12A381/S23,CE,CE12A381/S23 Development work in primary Schools at different areas in city,
CE12A381/S23-647,CE12A381/S23,underground cable in Shriwasti Nagar at Pr. No. 41 B,2000000
CE12A381/S23-655,CE12A381/S23,Repairing of toilets painting electric related work in Kanhoji Adnre School at Pr. No. 49 A,1000000
CE12A381/S23-656,CE12A381/S23,Repairing of toilets painting electric related work in Adnadibhai Karve School at Pr. No. 49 A,1000000
CE12A381/S23-657,CE12A381/S23,Repairing of toilets painting electric related work in Maulana Mohamad Ali Johar Urdu School at Pr. No. 49 A,1000000
CE12A381/S23-686,CE12A381/S23,Electric and other work in Sant Namdev School and Sant Dnyandev School Maharshinagar at Pr. No. 66 B,200000
CE17A,CE,CE > Health,
CE17A192/S25-324,CE17A,electric related work in Dr. Kotanis Health Center at Pr. No. 49 B,1000000
CE17A227/S24-218,CE17A,Construct biogas project of wet and solid waste in open place beside  muslim repository and cirstion  repository In front Dr. Naydu Hospital at Pr. No. 22 B,2000000
CE22A548/S26,CE,CE22A548/S26 Different development work under building Department,
CE22A548/S26-849,CE22A548/S26,LED lights  Light arrengment painting farniture poleish window door in Late Babanrao Kirad Sanskutik Sabhagruh and kaman,1000000
CE22A548/S26-855,CE22A548/S26,Develop pune MNC main building as Green Building,10000000
CE22A548/S26-889,CE22A548/S26,Beautification and attractive light systm in main road and important places,20000000
CE19A154/S42-220,CE,Construct the biogas project in open space near water tank in Vasnatnagar at Pr. No. 26,2000000
CE26A336/S27,CE,CE26A336/S27 Development work at different Gardens in city,
CE26A336/S27-943,CE26A336/S27,Start different project on saur urja in Paryavaran Garden and Install system for showing the movie at Pr. No. 20 A,4000000
CE26A336/S27-946,CE26A336/S27,Construct the jogging track security wall highmast electricity lamp Beautification in open space at Bhosalenagar area for people in Amar Couteg Bhosalenagr Arunagar areas,3000000
CE26A336/S27-1021,CE26A336/S27,Install colorful light sound system and animals in Punawala Garden at Pr. No. 64 A,1000000
CE26A336/S27-507++,CE26A336/S27,Decorate mula riverside area jogging track garden water fountain and light management in Aundhgoan,2560000
CE26A336/S27-520++,CE26A336/S27,Development work in Limka park (Bandgarden ) Shahumodak park gate no. 6 at Pr. No. 21 ( Track Lower Bed Gate Toilets Shead Light Management),1600000
FE14A105/S19,FE,FE14A105/S19 Construction of public Toilets,
FE14A105/S19-669,FE14A105/S19,Repairing of all Sulabh Shauchalaya change old outlet pipe water tank electric pump and maintance for year in Slum Area at Pr. No. 26,2000000
FE14A105/S19-670,FE14A105/S19,Repairing of all public toilets change old outlet pipe water tank electric pump and maintance for year in Slum Area at Pr. No. 26,2000000
FE14A105/S19-706,FE14A105/S19,Construct toilets for ladies and gents Increment of floor and install Solar system in Burudi Bridge at Pr. No. 48 B,1500000
FE14A105/S19-707,FE14A105/S19,Construct toilets for ladies and gents Increment of floor and install Solar system in Alpana Talkies Fish Market at Pr. No. 48 B,1500000
XE12,XE,Water Supply,
XE12A107,XE12,Pumping electricity expenses,399500000
XE12A120,XE12,Electricity & Telephone system at cisterns water center,425000
XE12A123,XE12,Emergency works regarding pumping in Parvati water center,2125000
XE12A128,XE12,Yearly Maintenance and repairs of Parvati, vadgaon, holkar water center and transformer, Pump motor, valve panel,cable etc of pumping station,38250000
XE12#,XE12,Water Supply > Pumping stations,
XE12N106,XE12#,Pumping electricity expense,119000000
XE12N118,XE12#,Lighting in water supply center,425000
XE12N123,XE12#,Maintenance & repairs (Machinery spare part, Transformer Oil, circuit breakers electric equipments, Gardening, Building light, Tap & other),17000000
XE12P106,XE12#,Pumping electricity expense,6375000
XE12P117,XE12#,Maintenance & repairs of water supply center,500000
XE12L105,XE12#,Pumping electricity expense,17850000
XE12L109,XE12#,Maintenance & repairs - contractual basis,850000
XE12Q105,XE12#,Pumping electricity expense,8500000
XE12Q109,XE12#,Maintenance & repairs - contractual basis,850000
XE12R104,XE12#,Pumping electricity expense,85000000
XE12R107,XE12#,        ,2550000
XE12S105,XE12#,Pumping electricity expense,29750000
XE12S108,XE12#,Maintenance & repairs - contractual basis,1700000
XE12S305,XE12#,Pumping electricity expense,12750000
XE12S308,XE12#,Maintenance & repairs - contractual basis,2125000
XE12S405,XE12#,Pumping electricity expense,29920000
XE12S408,XE12#,Maintenance & repairs - contractual basis,1700000
XE12S503,XE12#,Pumping electricity expense,34000000
XE12S504,XE12#,Maintenance & repairs - contractual basis,850000
XE12S505,XE12#,emergency repairs (vidyut and bhavan related),1275000
XE12S603,XE12#,Exp. - pumping electricity,4250000
XE12S604,XE12#,Maintenance & repairs - contractual basis,425000
XE12S605,XE12#,Emergency repairs  (vidyut and bhavan related),680000
XE23,XE,Drainage and sewer,
XE23B104,XE23,cost of electricity for pumping sewage,8500000
XE23B105,XE23,Maintenance & repair of screening penstock etc. in various pumping station.,680000
XE23B107,XE23,Machinery, spare part & repair,170000
XE23B112,XE23,Transfer circuit breaker & electrical instrument repair & other likely works.,170000
XE23B113,XE23,Oil & grease required for pumping station.,42500
XE23C105,XE23,Oil for machinery in center,51000
XE23C108,XE23,Machinery, spare part, exp. For machinery repair,510000
XE23D105,XE23,Oil & grease for machinery in pumping station,65450
XE23D108,XE23,Machinery, spare part, exp. For machinery repair,170000
XE23D112,XE23,Transformer circuit breaker etc., maintenance of electrical equipment & other likely repairs.,127500
XE23D117,XE23,Maintenance & repairs of internal campus (Road & light),127500
XE23D118A,XE23,Tanajiwadi sewage Purification center,9350000
XE23D118B,XE23,Bopodi sewage Purification center,9775000
XE23D118C,XE23,Bhairoba / Kalyani nagar sewage purification center,28050000
XE23D118D,XE23,Erandavan sewage Purification center,23800000
XE23D118E,XE23,Mental Hospital Pumping station,3527500
XE23D118F,XE23,Botanical Garden Pumping Station,2975000
XE23D118G,XE23,Vitthalwadi sewage Purification center,9350000
XE23D118H,XE23,Naydu sewage Purification center,15300000
XE23D118I,XE23,Mundhav sewage Purification center,15300000
XE23D118J,XE23,Kasba sewage Purification center,13600000
XE23D118K,XE23,Tophkhana sewage Purification center,6800000
XE23D118L,XE23,Baner sewage Purification center,6800000
XE23D118M,XE23,Kharadi sewage purification center,8500000
XE23D119,XE23,Recycle of water in Mundhava,34000000
XE23D120,XE23,To generate electricity from gas produced at Naidu sewage purification center,1000000
ZE16A104A/P2,ZE,ZE16A104A/P2, water supply,
ZE16A104A/P2-1102,ZE16A104A/P2,For installation of flow meter provision of electricity under Swargate zone,380000
ZE16A104A/P2-1148,ZE16A104A/P2,new bore well and repairs in Pr. No 21, 22,760000
ZE16A104A/P2-1189,ZE16A104A/P2,Bore well and other works in various areas in Pr.No 20,380000
ZE16A104A/P2-1212,ZE16A104A/P2,Replace hiservice zone water pumps and other works in old lashkar,1900000
ZE16A104A/P2-1213,ZE16A104A/P2,Replace panel in pump house and other works at old ramtekadi,1520000
ZE16A104A/P2-1217,ZE16A104A/P2,Supply 750 KVA capacity generator new holkar water center,1140000
ZE16A104A/P2-1219,ZE16A104A/P2,replace old lift pumps with new od 60 HP in Vanavdi external life house,1140000
ZE16A104A/P2-1220,ZE16A104A/P2,Supply and installation of valves and air valves in Ravet Pumping station,912000
ZE16A104A/P2-1221,ZE16A104A/P2,Supply and installation of transformer and metering kiosk in Ravet Pumping station,760000
ZE16A104A/P2-1222,ZE16A104A/P2,Supply and installation of solar system and lighting in lashkar external lift house,760000
ZE16A104A/P2-1255,ZE16A104A/P2,Development in pumping at Katraj, Aagam Mandir,1140000
ZE16A104A/P2-1256,ZE16A104A/P2,Yard No. 2, Transformer indoor at Parvati Jal Center,1900000
ZE16A104A/P2-1257,ZE16A104A/P2,supply & Installation & start at Parvati Jal Centre,1900000
ZE16A104A/P2-1258,ZE16A104A/P2,for First Step supply air Blower Pump set, installed & start at Parvati Jal Center,1216000
ZE16A104A/P2-1261,ZE16A104A/P2,Supply & Installation of Pump rotating assembly. At Padmavati to water Indiranagar,1520000
ZE16A104A/P2-1266,ZE16A104A/P2,Supply of pump for buster pumping, fitting and related work done at Sinhagad Road,1140000
ZE16A104A/P2-1267,ZE16A104A/P2,Supply starter, panel at buster pumping Sinhagad Road,760000
ZE16A104A/P2-1268,ZE16A104A/P2,Different electrical work doing at Raw Water Pumping Station,1520000
ZE16A104A/P2-1269,ZE16A104A/P2,Different electrical work doing at Padmavati  Pumping Station,1520000
ZE16A104A/P2-1279,ZE16A104A/P2,Take care and repairing of bore well at ward No. 6 and 8,380000
ZE16A104A/P2-1296,ZE16A104A/P2,Take care and repairing of bore well at ward No. 9,380000
ZE16A104A/P2-1297,ZE16A104A/P2,Take care and repairing of bore well at ward No. 10,380000
ZE16A104A/P2-1298,ZE16A104A/P2,Light & electricity work at Pashan water center Sus tank& Baner Balewadi Tank,1520000
ZE16A104A/P2-1306,ZE16A104A/P2,Installation & Supply for develop water supply  Bore well, Valve , Construct a Petya at Pr. No. 36,760000
ZE16A104A/S5,ZE,ZE16A104A/S5,  Water supply,
ZE16A104A/S5_01,ZE16A104A/S5,Installation of Bore well & Pump at Pr. No. 13A in different place,500000
ZE16A104A/S5_02,ZE16A104A/S5,Construct 20 Lakh ltr capacity water tank & Pump House at Pr. No. 17 Yerawada Sr. No. 80 O.P. 89 (20 Guntha area),5000000
ZE16A104A/S5_03,ZE16A104A/S5,Installation of Bore well & Pump at Tank at Pr. No. 18B,1000000
ZE16A104A/S5_04,ZE16A104A/S5,Installation of Bore well & Pump at Pr. No. 13A in different place,500000
ZE16A104A/S5_05,ZE16A104A/S5,Construct 20 Lakh ltr capacity water tank & Pump House at Pr. No. 17 Yerawada Sr. No. 80 O.P. 89 (20 Guntha area),5000000
ZE16A104A/S5_06,ZE16A104A/S5,Installation of Bore well & Pump at Tank at Pr. No. 18B,1000000
ZE16A104A/S5_07,ZE16A104A/S5,Repairing of Bore well at Pr. No. 22B in different place,500000
ZE16A104A/S5_08,ZE16A104A/S5,water supply to toilet from motor pump at Pr. No. 22B in different places,1000000
ZE16A104A/S5_09,ZE16A104A/S5,water supply by borewell to sulabh toilet at Pr. No. 40A,500000
ZE16A104A/S5_10,ZE16A104A/S5,install motor pump & borewell at Pr. No. 48B,1500000
ZE16A104A/S5_11,ZE16A104A/S5,install Borewell at Pr. No. 50A,1000000
ZE16A104A/S5_12,ZE16A104A/S5,Install pump & Borewell at Pr. No. 54A,1000000
ZE16A104A/S5_13,ZE16A104A/S5,install Borewell at Pr. No. 63B,1000000
ZE16A104A/S5_14,ZE16A104A/S5,Install a Solar Hub machine at Paravati water center,5000000
ZE16A107/P8,ZE,ZE16A107/P8, Water supply related other work,
ZE16A107/P8-501,ZE16A107/P8,For water tank security install CCTV camera , Servilans system, Pumping station, supply security at SNDT, Chaturshringi Dept. Other Pumping station, Khadkwasla Jakvel, Ganpari Madha pumping, new warje pumping,,2280000
ZE16A107/P8-502,ZE16A107/P8,Develop Transformer, Motar, Pump, Valve, Achuater, Panal, Cable related work at S.N.D.T. Pumping,2280000
ZE16A107/P8-503,ZE16A107/P8,For stand by machinery sypply electric motar at Pashan Pumping,1900000
ZE16A107/P8-504,ZE16A107/P8,Supply Rotating assm. At Pashan Pumping,1140000
ZE16A107/P8-505,ZE16A107/P8,33 K.V., New VCB Restofitting electric work at Pashan Pumping,1140000
ZE16A107/P8-506,ZE16A107/P8,Supply Rotating assm. At S,N.D.T. Pumping,1520000
ZE16A107/P8-507,ZE16A107/P8,Supply 3.3 KV., 5 MVA Transformer & VCB related work at Warje water center\,5320000
ZE16A107/P8-508,ZE16A107/P8,For Khadakwaslat Jackwell pumping supply 625 KVA camacity 2 Genrater set & imp panel,7600000
ZE16A107/P8-510,ZE16A107/P8,Install Spare pump at Warje water center,2280000
ZE16A107/P8-511,ZE16A107/P8,Install & supply 3.3 KV HT motor at Warje water center to Chandani Chowk  Zone,2280000
ZE16A107/P8-512,ZE16A107/P8,Install new Buster pump & related work at Kishkinda work,760000
ZE16A107/P8-513,ZE16A107/P8,Install buster pump & Valve operating at S.N.D.T. Chatrusringi water supply,760000
ZE16A107/P8-514,ZE16A107/P8,Maintenance of submersible pump & repair related work at Dr. Naydu swage purification center,532000
ZE16A107/P8-516,ZE16A107/P8,R.C. Pump & other pump spares Dr. Naydu Swages Purification Center & Kasba Pumping station,1140000
ZE16A107/P8-519,ZE16A107/P8,Sludge feedpump & Poly feed pump install & supply,3268000
ZE16D101/MP4-153,ZE,Install sewerage water center electric & machinery related work for water purification center,15200000
ZE16A_+,ZE,Z2,  -      .          ,
ZE16A103/P1-165+,ZE16A_+,To provide pumps for Sinhagad Road booster pumping, Installation and related work,380000
ZE16A104A/P2-353++,ZE16A_+,To provide and Install Electrically operated overhead crane at Lashkar water purification center,760000
ZE16A104A/P2-647++,ZE16A_+,To Install booster pump, sump well and related work on 14 inch radius main water supply pipeline at right side of Pune Sholapur road in front of Lohiya Garden as well as left side at Magarpatta chowk,1900000
ZE16A104A/P2-882+,ZE16A_+,For new Laskar Jal Kendra manage stand by pump set (Pump + Motor) for  raw water pump,760000
ZE16A104A/P2-884+,ZE16A_+,Provide, fixing rotating assemble for pump on Laskar Jal Kendra,760000
ZE16A104A/P2-885+,ZE16A_+,Provide temporary 22 K. V. Electric machinery for new Laskar Jal Kendra,1140000
ZE16A104A/P2-888+,ZE16A_+,Provide electric crane for chorine and new Laskar fitter department,760000
ZE16A107/P8-407+,ZE16A_+,Supply fixing  of pump rotating assembly on Vidyanagar pumping station,760000
ZE16A107/P8-409+,ZE16A_+,Supply fixing  of pump rotating assembly on Wadgaon  pumping station,544000
ZE16A107/P8-411+,ZE16A_+,Express fitter subject to electric work on Chikhali water center,760000
ZE16A107/P8-413+,ZE16A_+,Supply fixing and do related work on new Holkar water center in pumping station,1520000
ZE16A107/P8-416+,ZE16A_+,Supply fixing new blower set on Holkar water center and for included pumping station,760000
ZE16A107/P8-417+,ZE16A_+,Supply fixing rotating assembly spare on Holkar water center and for included pumping station,760000
ZE16A107/P8-421+,ZE16A_+,Purchase stand by motor and do related work on warje Jal Kendra and khadakwasla Jack well pumping station on every zone,1520000
ZE16A107/P8-423+,ZE16A_+,Purchase spare valve on different pump for Khadakwasla, Warje pumping and do work on actuator, flow calculator, flush mixer, gearbox, starter etc.,1520000
ZE16A107/P8-425+,ZE16A_+,Undistributed electric supply subject to do electric work  in Ganpati Matha pumping,760000
ZE16A107/P8-427+,ZE16A_+,Do related work for M.S.E.D.C.L. on new warje water purification center and raw water and pure water pumping,3800000
ZE16C101/PR1-644++,ZE16A_+,Construction of 22/0.415 KV generator and other ways to supply electricity in Lashkar water center(old, new),3800000
RE20C301/W1,RE20C,Ward Office_NonPlan-Electrical,49850000
RE20C301/W1_3,RE20C301/W1,   ,9250000
RE20C301/W1_4,RE20C301/W1,   ,1250000
RE20C301/W1_5,RE20C301/W1,   ,2800000
RE20C301/W1_6,RE20C301/W1,  ,9650000
RE20C301/W1_7,RE20C301/W1,  ,1000000
RE20C301/W1_8,RE20C301/W1,   ,3250000
RE20C301/W1_9,RE20C301/W1,    ,6700000
RE20C301/W1_10,RE20C301/W1,   ,750000
RE20C301/W1_11,RE20C301/W1,  ,6500000
RE20C301/W1_12,RE20C301/W1,  ,1450000
RE20C301/W1_13,RE20C301/W1,  ,1500000
RE20C301/W1_14,RE20C301/W1,  ,2900000
RE20C301/W1_15,RE20C301/W1,   ,2850000
RE20C302/C1,RE20C,Citizens_NonPlan-Electrical,49000000
RE20C302/C1_1,RE20C302/C1,  ,2200000
RE20C302/C1_3,RE20C302/C1,   ,8500000
RE20C302/C1_4,RE20C302/C1,   ,2400000
RE20C302/C1_5,RE20C302/C1,   ,5500000
RE20C302/C1_6,RE20C302/C1,  ,2000000
RE20C302/C1_7,RE20C302/C1,  ,2500000
RE20C302/C1_8,RE20C302/C1,   ,1400000
RE20C302/C1_9,RE20C302/C1,    ,6100000
RE20C302/C1_10,RE20C302/C1,   ,4300000
RE20C302/C1_11,RE20C302/C1,  ,3000000
RE20C302/C1_12,RE20C302/C1,  ,3100000
RE20C302/C1_13,RE20C302/C1,  ,2500000
RE20C302/C1_14,RE20C302/C1,  ,1000000
RE20C302/C1_15,RE20C302/C1,   ,4500000
CE20C118,CE20C,Ward office_Plan - Electrical,31960000
CE20C118/W1_1,CE20C118,  ,6000000
CE20C118/W1_2,CE20C118,  ,5640000
CE20C118/W1_4,CE20C118,   ,4400000
CE20C118/W1_7,CE20C118,  ,2800000
CE20C118/W1_8,CE20C118,   ,200000
CE20C118/W1_10,CE20C118,   ,5200000
CE20C118/W1_12,CE20C118,  ,2000000
CE20C118/W1_13,CE20C118,  ,1200000
CE20C118/W1_14,CE20C118,  ,1000000
CE20C118/W1_15,CE20C118,   ,3520000
CE20C406,CE20C,Citizens_Plan - Electrical,21440000
CE20C406/C1_1,CE20C406,  ,1520000
CE20C406/C1_2,CE20C406,  ,3600000
CE20C406/C1_4,CE20C406,   ,2720000
CE20C406/C1_7,CE20C406,  ,3600000
CE20C406/C1_8,CE20C406,   ,400000
CE20C406/C1_10,CE20C406,   ,3040000
CE20C406/C1_12,CE20C406,  ,1360000
CE20C406/C1_13,CE20C406,  ,800000
CE20C406/C1_14,CE20C406,  ,4400000
